instance_x,write_anomaly_count,write_anomaly_ratio,write_ops_count,write_ops_ratio,total_packets,unique_write_targets_count,Network_Anomaly_Score,Network_Predicted_Label,timestamp,node_ids_written,source_ports,message_sizes,explanation,anomaly_score,timestamp_bst,network_alarm_flag,Network_Label_3Class,GroundTruth_NetworkLabel,Predicted_NetworkLabel,instance_y,Minute,Process_Predicted_Label,Prob_Class_0,Prob_Class_1,Prob_Class_2,Prob_Class_3,Prob_Class_4,Label_Description,alarm_count,high_priority_count,sources,float_mean,float_max,float_min,process_score,Process_Label_3Class,GroundTruth_ProcessLabel,Predicted_ProcessLabel,final_fused_label,decision_reason,final_binary_label
1,0,0.0,5940,0.7543815087630176,7874,,0.0125305204119434,0,,,,,,,2025-05-09 14:35:00+01:00,0,Network - Normal,0,0,,,,,,,,,,,,,,,,,,,,0.0,Case 1 (Only Network Data Available): Likely Normal,0
2,0,0.0,5780,0.753978606835377,7666,,0.0125305204119434,0,,,,,,,2025-05-09 14:36:00+01:00,0,Network - Normal,0,0,,,,,,,,,,,,,,,,,,,,0.0,Case 1 (Only Network Data Available): Likely Normal,0
3,0,0.0,5950,0.7544059845315075,7887,,0.0125305204119434,0,,,,,,,2025-05-09 14:37:00+01:00,0,Network - Normal,0,0,,,,,,,,,,,,,,,,,,,,0.0,Case 1 (Only Network Data Available): Likely Normal,0
4,0,0.0,5960,0.751008064516129,7936,,-0.0877435840386102,1,2025-05-09 13:38:00,-,"53373, 53218","253, 100, 204, 189, 1584",Unusual OPC UA write pattern detected,-0.0877435840386102,2025-05-09 14:38:00+01:00,0,Network - Anomaly,0,1,,,,,,,,,,,,,,,,,,,,0.0,Case 1 (Only Network Data Available): Likely Anomaly,1
5,0,0.0,5960,0.743142144638404,8020,,-0.139127898705633,1,2025-05-09 13:39:00,-,"53373, 53218","253, 100, 204, 189, 255",Unusual OPC UA write pattern detected,-0.139127898705633,2025-05-09 14:39:00+01:00,0,Network - Anomaly,0,1,0.0,2025-05-09 14:39:00+01:00,0.0,1.0,0.0,0.0,0.0,0.0,Label 0: Normal_NoIntervention,0.0,0.0,,,,,0.0,Process - Normal,0.0,0.0,0.0,Case 3 (Predictions Conflicts): Normal - Process Predictions Override,0
6,0,0.0,5960,0.7493085240130751,7954,,-0.139127898705633,1,2025-05-09 13:40:00,-,"53373, 53218","253, 100, 204, 189, 1558",Unusual OPC UA write pattern detected,-0.139127898705633,2025-05-09 14:40:00+01:00,0,Network - Anomaly,0,1,1.0,2025-05-09 14:40:00+01:00,0.0,1.0,0.0,0.0,0.0,0.0,Label 0: Normal_NoIntervention,0.0,0.0,,,,,0.0,Process - Normal,0.0,0.0,0.0,Case 3 (Predictions Conflicts): Normal - Process Predictions Override,0
7,0,0.0,5970,0.7544546948060155,7913,,0.0125305204119434,0,,,,,,,2025-05-09 14:41:00+01:00,0,Network - Normal,0,0,2.0,2025-05-09 14:41:00+01:00,0.0,0.9993000000000001,0.0,0.0006,0.0,0.0,Label 0: Normal_NoIntervention,0.0,0.0,,,,,0.0006,Process - Normal,0.0,0.0,0.0,Case 3 (Predictions Aligned): Normal - No Conflicting Result,0
8,0,0.0,5970,0.7544546948060155,7913,,0.0125305204119434,0,,,,,,,2025-05-09 14:42:00+01:00,0,Network - Normal,0,0,3.0,2025-05-09 14:42:00+01:00,0.0,1.0,0.0,0.0,0.0,0.0,Label 0: Normal_NoIntervention,0.0,0.0,,,,,0.0,Process - Normal,0.0,0.0,0.0,Case 3 (Predictions Aligned): Normal - No Conflicting Result,0
9,0,0.0,5970,0.7542640555906507,7915,,0.0125305204119434,0,,,,,,,2025-05-09 14:43:00+01:00,0,Network - Normal,0,0,4.0,2025-05-09 14:43:00+01:00,0.0,0.9998,0.0,0.0001,0.0,0.0,Label 0: Normal_NoIntervention,0.0,0.0,,,,,0.0001,Process - Normal,0.0,0.0,0.0,Case 3 (Predictions Aligned): Normal - No Conflicting Result,0
10,0,0.0,5970,0.7544546948060155,7913,,0.0125305204119434,0,,,,,,,2025-05-09 14:44:00+01:00,0,Network - Normal,0,0,5.0,2025-05-09 14:44:00+01:00,0.0,1.0,0.0,0.0,0.0,0.0,Label 0: Normal_NoIntervention,0.0,0.0,,,,,0.0,Process - Normal,0.0,0.0,0.0,Case 3 (Predictions Aligned): Normal - No Conflicting Result,0
11,0,0.0,5970,0.7544546948060155,7913,,0.0125305204119434,0,,,,,,,2025-05-09 14:45:00+01:00,0,Network - Normal,0,0,6.0,2025-05-09 14:45:00+01:00,0.0,0.9992,0.0001,0.0003,0.0001,0.0004,Label 0: Normal_NoIntervention,0.0,0.0,,,,,0.0004,Process - Normal,0.0,0.0,0.0,Case 3 (Predictions Aligned): Normal - No Conflicting Result,0
12,0,0.0,5970,0.7544546948060155,7913,,0.0125305204119434,0,,,,,,,2025-05-09 14:46:00+01:00,0,Network - Normal,0,0,7.0,2025-05-09 14:46:00+01:00,0.0,0.9976,0.0001,0.0016,0.0001,0.0007000000000000001,Label 0: Normal_NoIntervention,0.0,0.0,,,,,0.0016,Process - Normal,0.0,0.0,0.0,Case 3 (Predictions Aligned): Normal - No Conflicting Result,0
13,0,0.0,5970,0.7542640555906507,7915,,0.0125305204119434,0,,,,,,,2025-05-09 14:47:00+01:00,0,Network - Normal,0,0,8.0,2025-05-09 14:47:00+01:00,0.0,1.0,0.0,0.0,0.0,0.0,Label 0: Normal_NoIntervention,0.0,0.0,,,,,0.0,Process - Normal,0.0,0.0,0.0,Case 3 (Predictions Aligned): Normal - No Conflicting Result,0
14,0,0.0,5970,0.7544546948060155,7913,,0.0125305204119434,0,,,,,,,2025-05-09 14:48:00+01:00,0,Network - Normal,0,0,9.0,2025-05-09 14:48:00+01:00,0.0,0.9969,0.0001,0.0019,0.0001,0.001,Label 0: Normal_NoIntervention,0.0,0.0,,,,,0.0019,Process - Normal,0.0,0.0,0.0,Case 3 (Predictions Aligned): Normal - No Conflicting Result,0
15,0,0.0,5970,0.7544546948060155,7913,,0.0125305204119434,0,,,,,,,2025-05-09 14:49:00+01:00,0,Network - Normal,0,0,10.0,2025-05-09 14:49:00+01:00,0.0,1.0,0.0,0.0,0.0,0.0,Label 0: Normal_NoIntervention,0.0,0.0,,,,,0.0,Process - Normal,0.0,0.0,0.0,Case 3 (Predictions Aligned): Normal - No Conflicting Result,0
16,0,0.0,5970,0.7542640555906507,7915,,0.0125305204119434,0,,,,,,,2025-05-09 14:50:00+01:00,0,Network - Normal,0,0,11.0,2025-05-09 14:50:00+01:00,0.0,0.9997,0.0,0.0,0.0,0.0002,Label 0: Normal_NoIntervention,0.0,0.0,,,,,0.0002,Process - Normal,0.0,0.0,0.0,Case 3 (Predictions Aligned): Normal - No Conflicting Result,0
17,0,0.0,5970,0.7544546948060155,7913,,0.0125305204119434,0,,,,,,,2025-05-09 14:51:00+01:00,0,Network - Normal,0,0,12.0,2025-05-09 14:51:00+01:00,0.0,0.9984999999999999,0.0001,0.0002,0.0,0.0012,Label 0: Normal_NoIntervention,0.0,0.0,,,,,0.0012,Process - Normal,0.0,0.0,0.0,Case 3 (Predictions Aligned): Normal - No Conflicting Result,0
18,0,0.0,5970,0.7544546948060155,7913,,0.0125305204119434,0,,,,,,,2025-05-09 14:52:00+01:00,0,Network - Normal,0,0,13.0,2025-05-09 14:52:00+01:00,0.0,0.9998999999999999,0.0,0.0,0.0,0.0,Label 0: Normal_NoIntervention,0.0,0.0,,,,,0.0,Process - Normal,0.0,0.0,0.0,Case 3 (Predictions Aligned): Normal - No Conflicting Result,0
19,0,0.0,5970,0.7544546948060155,7913,,0.0125305204119434,0,,,,,,,2025-05-09 14:53:00+01:00,0,Network - Normal,0,0,14.0,2025-05-09 14:53:00+01:00,0.0,0.9995999999999999,0.0,0.0003,0.0,0.0001,Label 0: Normal_NoIntervention,0.0,0.0,,,,,0.0003,Process - Normal,0.0,0.0,0.0,Case 3 (Predictions Aligned): Normal - No Conflicting Result,0
20,0,0.0,5970,0.7544546948060155,7913,,0.0125305204119434,0,,,,,,,2025-05-09 14:54:00+01:00,0,Network - Normal,0,0,15.0,2025-05-09 14:54:00+01:00,0.0,1.0,0.0,0.0,0.0,0.0,Label 0: Normal_NoIntervention,0.0,0.0,,,,,0.0,Process - Normal,0.0,0.0,0.0,Case 3 (Predictions Aligned): Normal - No Conflicting Result,0
21,0,0.0,5970,0.7510378663982891,7949,,-0.0840022809974812,1,2025-05-09 13:55:00,-,"53373, 53218","253, 100, 204, 189, 1584",Unusual OPC UA write pattern detected,-0.0840022809974812,2025-05-09 14:55:00+01:00,0,Network - Anomaly,0,1,16.0,2025-05-09 14:55:00+01:00,0.0,0.9998,0.0,0.0001,0.0,0.0001,Label 0: Normal_NoIntervention,0.0,0.0,,,,,0.0001,Process - Normal,0.0,0.0,0.0,Case 3 (Predictions Conflicts): Normal - Process Predictions Override,0
22,0,0.0,5950,0.7432854465958776,8005,,-0.139127898705633,1,2025-05-09 13:56:00,-,"53373, 53218","253, 100, 204, 189, 1558",Unusual OPC UA write pattern detected,-0.139127898705633,2025-05-09 14:56:00+01:00,0,Network - Anomaly,0,1,17.0,2025-05-09 14:56:00+01:00,0.0,0.9994,0.0,0.0,0.0,0.0005,Label 0: Normal_NoIntervention,0.0,0.0,,,,,0.0005,Process - Normal,0.0,0.0,0.0,Case 3 (Predictions Conflicts): Normal - Process Predictions Override,0
23,0,0.0,5940,0.7530425963488844,7888,,-0.0083392224642659,1,2025-05-09 13:57:00,-,"53373, 53218","253, 100, 204, 189, 1558",Unusual OPC UA write pattern detected,-0.0083392224642659,2025-05-09 14:57:00+01:00,0,Network - Marginal,0,1,18.0,2025-05-09 14:57:00+01:00,0.0,0.9992,0.0001,0.0004,0.0001,0.0002,Label 0: Normal_NoIntervention,0.0,0.0,,,,,0.0004,Process - Normal,0.0,0.0,0.0,"Case 3 (Marginal Network Score): Normal - Network Marginal, Trusted Process",0
24,0,0.0,5940,0.7543815087630176,7874,,0.0125305204119434,0,,,,,,,2025-05-09 14:58:00+01:00,0,Network - Normal,0,0,19.0,2025-05-09 14:58:00+01:00,0.0,0.9998,0.0,0.0001,0.0,0.0001,Label 0: Normal_NoIntervention,0.0,0.0,,,,,0.0001,Process - Normal,0.0,0.0,0.0,Case 3 (Predictions Aligned): Normal - No Conflicting Result,0
25,0,0.0,5960,0.7544303797468355,7900,,0.0125305204119434,0,,,,,,,2025-05-09 14:59:00+01:00,0,Network - Normal,0,0,20.0,2025-05-09 14:59:00+01:00,0.0,1.0,0.0,0.0,0.0,0.0,Label 0: Normal_NoIntervention,0.0,0.0,,,,,0.0,Process - Normal,0.0,0.0,0.0,Case 3 (Predictions Aligned): Normal - No Conflicting Result,0
26,0,0.0,5960,0.7542394330549228,7902,,0.0125305204119434,0,,,,,,,2025-05-09 15:00:00+01:00,0,Network - Normal,0,0,21.0,2025-05-09 15:00:00+01:00,0.0,0.9998,0.0,0.0002,0.0,0.0,Label 0: Normal_NoIntervention,0.0,0.0,,,,,0.0002,Process - Normal,0.0,0.0,0.0,Case 3 (Predictions Aligned): Normal - No Conflicting Result,0
27,0,0.0,5960,0.7544303797468355,7900,,0.0125305204119434,0,,,,,,,2025-05-09 15:01:00+01:00,0,Network - Normal,0,0,22.0,2025-05-09 15:01:00+01:00,0.0,1.0,0.0,0.0,0.0,0.0,Label 0: Normal_NoIntervention,0.0,0.0,,,,,0.0,Process - Normal,0.0,0.0,0.0,Case 3 (Predictions Aligned): Normal - No Conflicting Result,0
28,0,0.0,5970,0.7542640555906507,7915,,0.0125305204119434,0,,,,,,,2025-05-09 15:02:00+01:00,0,Network - Normal,0,0,23.0,2025-05-09 15:02:00+01:00,0.0,0.9995999999999999,0.0,0.0003,0.0,0.0,Label 0: Normal_NoIntervention,0.0,0.0,,,,,0.0003,Process - Normal,0.0,0.0,0.0,Case 3 (Predictions Aligned): Normal - No Conflicting Result,0
29,0,0.0,5970,0.7546454304133485,7911,,0.0125305204119434,0,,,,,,,2025-05-09 15:03:00+01:00,0,Network - Normal,0,0,24.0,2025-05-09 15:03:00+01:00,0.0,1.0,0.0,0.0,0.0,0.0,Label 0: Normal_NoIntervention,0.0,0.0,,,,,0.0,Process - Normal,0.0,0.0,0.0,Case 3 (Predictions Aligned): Normal - No Conflicting Result,0
30,0,0.0,5610,0.7531212243254128,7449,,-0.0004194354268537,1,2025-05-09 14:04:00,-,"53373, 53218","253, 100, 204, 189, 96",Unusual OPC UA write pattern detected,-0.0004194354268537,2025-05-09 15:04:00+01:00,0,Network - Marginal,0,1,,,,,,,,,,,,,,,,,,,,0.0,Case 1 (Only Network Data Available): Likely Anomaly,1
31,0,0.0,1900,0.7235338918507236,2626,,-0.139127898705633,1,2025-05-09 14:05:00,-,"53373, 53218","96, 74, 1582, 66, 414",Unusual OPC UA write pattern detected,-0.139127898705633,2025-05-09 15:05:00+01:00,0,Network - Anomaly,0,1,,,,,,,,,,,,,,,,,,,,0.0,Case 1 (Only Network Data Available): Likely Anomaly,1
32,0,0.0,5960,0.7544303797468355,7900,,0.0125305204119434,0,,,,,,,2025-05-09 15:06:00+01:00,0,Network - Normal,0,0,,,,,,,,,,,,,,,,,,,,0.0,Case 1 (Only Network Data Available): Likely Normal,0
33,0,0.0,5950,0.7542147293700089,7889,,0.0125305204119434,0,,,,,,,2025-05-09 15:07:00+01:00,0,Network - Normal,0,0,,,,,,,,,,,,,,,,,,,,0.0,Case 1 (Only Network Data Available): Likely Normal,0
34,0,0.0,5570,0.7536192666756867,7391,,0.0315869974527709,0,,,,,,,2025-05-09 15:08:00+01:00,0,Network - Normal,0,0,,,,,,,,,,,,,,,,,,,,0.0,Case 1 (Only Network Data Available): Likely Normal,0
35,0,0.0,5540,0.7533315202610824,7354,,0.0242383117601973,0,,,,,,,2025-05-09 15:09:00+01:00,0,Network - Normal,0,0,,,,,,,,,,,,,,,,,,,,0.0,Case 1 (Only Network Data Available): Likely Normal,0
36,0,0.0,5540,0.7531266992930941,7356,,-0.0004194354268537,1,2025-05-09 14:10:00,-,"53373, 53218","253, 100, 204, 189, 1682",Unusual OPC UA write pattern detected,-0.0004194354268537,2025-05-09 15:10:00+01:00,0,Network - Marginal,0,1,,,,,,,,,,,,,,,,,,,,0.0,Case 1 (Only Network Data Available): Likely Anomaly,1
37,0,0.0,5560,0.7533875338753387,7380,,0.0285117267122874,0,,,,,,,2025-05-09 15:11:00+01:00,0,Network - Normal,0,0,,,,,,,,,,,,,,,,,,,,0.0,Case 1 (Only Network Data Available): Likely Normal,0
38,0,0.0,5550,0.7498986623429267,7401,,-0.1173740123297755,1,2025-05-09 14:12:00,-,"53373, 53218","253, 100, 204, 189, 1584",Unusual OPC UA write pattern detected,-0.1173740123297755,2025-05-09 15:12:00+01:00,0,Network - Anomaly,0,1,,,,,,,,,,,,,,,,,,,,0.0,Case 1 (Only Network Data Available): Likely Anomaly,1
39,0,0.0,5550,0.7414829659318637,7485,,-0.139127898705633,1,2025-05-09 14:13:00,-,"53218, 53373","136, 74, 253, 100, 204",Unusual OPC UA write pattern detected,-0.139127898705633,2025-05-09 15:13:00+01:00,0,Network - Anomaly,0,1,,,,,,,,,,,,,,,,,,,,0.0,Case 1 (Only Network Data Available): Likely Anomaly,1
40,0,0.0,5560,0.7531834191276077,7382,,0.0045890221456091,0,,,,,,,2025-05-09 15:14:00+01:00,0,Network - Marginal,0,0,,,,,,,,,,,,,,,,,,,,0.0,Case 1 (Only Network Data Available): Likely Normal,0
41,0,0.0,5880,0.7544264819091608,7794,,0.0125305204119434,0,,,,,,,2025-05-09 15:15:00+01:00,0,Network - Normal,0,0,,,,,,,,,,,,,,,,,,,,0.0,Case 1 (Only Network Data Available): Likely Normal,0
42,0,0.0,5910,0.7544038805208068,7834,,0.0125305204119434,0,,,,,,,2025-05-09 15:16:00+01:00,0,Network - Normal,0,0,,,,,,,,,,,,,,,,,,,,0.0,Case 1 (Only Network Data Available): Likely Normal,0
43,0,0.0,5940,0.7539027795405508,7879,,0.0125305204119434,0,,,,,,,2025-05-09 15:17:00+01:00,0,Network - Normal,0,0,,,,,,,,,,,,,,,,,,,,0.0,Case 1 (Only Network Data Available): Likely Normal,0
44,0,0.0,5960,0.7544303797468355,7900,,0.0125305204119434,0,,,,,,,2025-05-09 15:18:00+01:00,0,Network - Normal,0,0,,,,,,,,,,,,,,,,,,,,0.0,Case 1 (Only Network Data Available): Likely Normal,0
45,0,0.0,5960,0.7544303797468355,7900,,0.0125305204119434,0,,,,,,,2025-05-09 15:19:00+01:00,0,Network - Normal,0,0,25.0,2025-05-09 15:19:00+01:00,0.0,0.9998999999999999,0.0,0.0,0.0,0.0,Label 0: Normal_NoIntervention,0.0,0.0,,,,,0.0,Process - Normal,0.0,0.0,0.0,Case 3 (Predictions Aligned): Normal - No Conflicting Result,0
46,0,0.0,5950,0.7542147293700089,7889,,0.0125305204119434,0,,,,,,,2025-05-09 15:20:00+01:00,0,Network - Normal,0,0,26.0,2025-05-09 15:20:00+01:00,0.0,1.0,0.0,0.0,0.0,0.0,Label 0: Normal_NoIntervention,0.0,0.0,,,,,0.0,Process - Normal,0.0,0.0,0.0,Case 3 (Predictions Aligned): Normal - No Conflicting Result,0
47,0,0.0,5960,0.7544303797468355,7900,,0.0125305204119434,0,,,,,,,2025-05-09 15:21:00+01:00,0,Network - Normal,0,0,27.0,2025-05-09 15:21:00+01:00,0.0,0.9973000000000001,0.0001,0.0023,0.0001,0.0002,Label 0: Normal_NoIntervention,0.0,0.0,,,,,0.0023,Process - Normal,0.0,0.0,0.0,Case 3 (Predictions Aligned): Normal - No Conflicting Result,0
48,0,0.0,5530,0.7533033646642147,7341,,0.0159208950399944,0,,,,,,,2025-05-09 15:22:00+01:00,0,Network - Normal,0,0,28.0,2025-05-09 15:22:00+01:00,0.0,1.0,0.0,0.0,0.0,0.0,Label 0: Normal_NoIntervention,0.0,0.0,,,,,0.0,Process - Normal,0.0,0.0,0.0,Case 3 (Predictions Aligned): Normal - No Conflicting Result,0
49,0,0.0,5550,0.7533595764897516,7367,,0.0268151670617542,0,,,,,,,2025-05-09 15:23:00+01:00,0,Network - Normal,0,0,29.0,2025-05-09 15:23:00+01:00,0.0,1.0,0.0,0.0,0.0,0.0,Label 0: Normal_NoIntervention,0.0,0.0,,,,,0.0,Process - Normal,0.0,0.0,0.0,Case 3 (Predictions Aligned): Normal - No Conflicting Result,0
50,0,0.0,5550,0.7533595764897516,7367,,0.0268151670617542,0,,,,,,,2025-05-09 15:24:00+01:00,0,Network - Normal,0,0,30.0,2025-05-09 15:24:00+01:00,0.0,0.9998999999999999,0.0,0.0,0.0,0.0,Label 0: Normal_NoIntervention,0.0,0.0,,,,,0.0,Process - Normal,0.0,0.0,0.0,Case 3 (Predictions Aligned): Normal - No Conflicting Result,0
51,0,0.0,5550,0.7531551092414167,7369,,0.0016432787084306,0,,,,,,,2025-05-09 15:25:00+01:00,0,Network - Marginal,0,0,31.0,2025-05-09 15:25:00+01:00,0.0,0.9806,0.0006,0.017,0.0012,0.0007000000000000001,Label 0: Normal_NoIntervention,0.0,0.0,,,,,0.017,Process - Normal,0.0,0.0,0.0,Case 3 (Predictions Aligned): Normal - No Conflicting Result,0
52,0,0.0,5550,0.7533595764897516,7367,,0.0268151670617542,0,,,,,,,2025-05-09 15:26:00+01:00,0,Network - Normal,0,0,32.0,2025-05-09 15:26:00+01:00,0.0,0.9998,0.0,0.0001,0.0,0.0,Label 0: Normal_NoIntervention,0.0,0.0,,,,,0.0001,Process - Normal,0.0,0.0,0.0,Case 3 (Predictions Aligned): Normal - No Conflicting Result,0
53,0,0.0,5550,0.7531551092414167,7369,,0.0016432787084306,0,,,,,,,2025-05-09 15:27:00+01:00,0,Network - Marginal,0,0,33.0,2025-05-09 15:27:00+01:00,0.0,1.0,0.0,0.0,0.0,0.0,Label 0: Normal_NoIntervention,0.0,0.0,,,,,0.0,Process - Normal,0.0,0.0,0.0,Case 3 (Predictions Aligned): Normal - No Conflicting Result,0
54,0,0.0,5540,0.7529219896711062,7358,,-0.0179868894015028,1,2025-05-09 14:28:00,-,"53373, 53218","253, 100, 204, 189, 1584",Unusual OPC UA write pattern detected,-0.0179868894015028,2025-05-09 15:28:00+01:00,0,Network - Anomaly,0,1,34.0,2025-05-09 15:28:00+01:00,0.0,0.9998999999999999,0.0,0.0,0.0,0.0,Label 0: Normal_NoIntervention,0.0,0.0,,,,,0.0,Process - Normal,0.0,0.0,0.0,Case 3 (Predictions Conflicts): Normal - Process Predictions Override,0
55,0,0.0,5530,0.7411875083768932,7461,,-0.139127898705633,1,2025-05-09 14:29:00,-,"53373, 53218","253, 100, 1558, 204, 74",Unusual OPC UA write pattern detected,-0.139127898705633,2025-05-09 15:29:00+01:00,0,Network - Anomaly,0,1,35.0,2025-05-09 15:29:00+01:00,0.0,1.0,0.0,0.0,0.0,0.0,Label 0: Normal_NoIntervention,0.0,0.0,,,,,0.0,Process - Normal,0.0,0.0,0.0,Case 3 (Predictions Conflicts): Normal - Process Predictions Override,0
56,0,0.0,5540,0.7529219896711062,7358,,-0.0179868894015028,1,2025-05-09 14:30:00,-,"53373, 53218","253, 100, 204, 189, 160",Unusual OPC UA write pattern detected,-0.0179868894015028,2025-05-09 15:30:00+01:00,0,Network - Anomaly,0,1,36.0,2025-05-09 15:30:00+01:00,0.0,0.9976,0.0001,0.0021,0.0001,0.0001,Label 0: Normal_NoIntervention,0.0,0.0,,,,,0.0021,Process - Normal,0.0,0.0,0.0,Case 3 (Predictions Conflicts): Normal - Process Predictions Override,0
57,0,0.0,5530,0.7533033646642147,7341,,0.0159208950399944,0,,,,,,,2025-05-09 15:31:00+01:00,0,Network - Normal,0,0,37.0,2025-05-09 15:31:00+01:00,0.0,1.0,0.0,0.0,0.0,0.0,Label 0: Normal_NoIntervention,0.0,0.0,,,,,0.0,Process - Normal,0.0,0.0,0.0,Case 3 (Predictions Aligned): Normal - No Conflicting Result,0
58,0,0.0,5540,0.7531266992930941,7356,,-0.0004194354268537,1,2025-05-09 14:32:00,-,"53373, 53218","253, 100, 204, 189, 1679",Unusual OPC UA write pattern detected,-0.0004194354268537,2025-05-09 15:32:00+01:00,0,Network - Marginal,0,1,38.0,2025-05-09 15:32:00+01:00,0.0,1.0,0.0,0.0,0.0,0.0,Label 0: Normal_NoIntervention,0.0,0.0,,,,,0.0,Process - Normal,0.0,0.0,0.0,"Case 3 (Marginal Network Score): Normal - Network Marginal, Trusted Process",0
59,0,0.0,5540,0.7533315202610824,7354,,0.0242383117601973,0,,,,,,,2025-05-09 15:33:00+01:00,0,Network - Normal,0,0,39.0,2025-05-09 15:33:00+01:00,0.0,0.9998,0.0,0.0001,0.0,0.0001,Label 0: Normal_NoIntervention,0.0,0.0,,,,,0.0001,Process - Normal,0.0,0.0,0.0,Case 3 (Predictions Aligned): Normal - No Conflicting Result,0
60,0,0.0,5550,0.7531551092414167,7369,,0.0016432787084306,0,,,,,,,2025-05-09 15:34:00+01:00,0,Network - Marginal,0,0,40.0,2025-05-09 15:34:00+01:00,0.0,0.9987999999999999,0.0001,0.0008,0.0001,0.0002,Label 0: Normal_NoIntervention,0.0,0.0,,,,,0.0008,Process - Normal,0.0,0.0,0.0,Case 3 (Predictions Aligned): Normal - No Conflicting Result,0
61,0,0.0,5550,0.7533595764897516,7367,,0.0268151670617542,0,,,,,,,2025-05-09 15:35:00+01:00,0,Network - Normal,0,0,41.0,2025-05-09 15:35:00+01:00,0.0,1.0,0.0,0.0,0.0,0.0,Label 0: Normal_NoIntervention,0.0,0.0,,,,,0.0,Process - Normal,0.0,0.0,0.0,Case 3 (Predictions Aligned): Normal - No Conflicting Result,0
62,0,0.0,5530,0.7530981887511916,7343,,-0.0037646128283664,1,2025-05-09 14:36:00,-,"53373, 53218","253, 100, 204, 189, 1608",Unusual OPC UA write pattern detected,-0.0037646128283664,2025-05-09 15:36:00+01:00,0,Network - Marginal,0,1,42.0,2025-05-09 15:36:00+01:00,0.0,1.0,0.0,0.0,0.0,0.0,Label 0: Normal_NoIntervention,0.0,0.0,,,,,0.0,Process - Normal,0.0,0.0,0.0,"Case 3 (Marginal Network Score): Normal - Network Marginal, Trusted Process",0
63,0,0.0,5530,0.7533033646642147,7341,,0.0159208950399944,0,,,,,,,2025-05-09 15:37:00+01:00,0,Network - Normal,0,0,43.0,2025-05-09 15:37:00+01:00,0.0,0.9982,0.0001,0.0015,0.0,0.0002,Label 0: Normal_NoIntervention,0.0,0.0,,,,,0.0015,Process - Normal,0.0,0.0,0.0,Case 3 (Predictions Aligned): Normal - No Conflicting Result,0
64,0,0.0,5540,0.7533315202610824,7354,,0.0242383117601973,0,,,,,,,2025-05-09 15:38:00+01:00,0,Network - Normal,0,0,44.0,2025-05-09 15:38:00+01:00,0.0,1.0,0.0,0.0,0.0,0.0,Label 0: Normal_NoIntervention,0.0,0.0,,,,,0.0,Process - Normal,0.0,0.0,0.0,Case 3 (Predictions Aligned): Normal - No Conflicting Result,0
65,0,0.0,5550,0.7533595764897516,7367,,0.0268151670617542,0,,,,,,,2025-05-09 15:39:00+01:00,0,Network - Normal,0,0,45.0,2025-05-09 15:39:00+01:00,0.0,1.0,0.0,0.0,0.0,0.0,Label 0: Normal_NoIntervention,0.0,0.0,,,,,0.0,Process - Normal,0.0,0.0,0.0,Case 3 (Predictions Aligned): Normal - No Conflicting Result,0
66,0,0.0,5530,0.7533033646642147,7341,,0.0159208950399944,0,,,,,,,2025-05-09 15:40:00+01:00,0,Network - Normal,0,0,46.0,2025-05-09 15:40:00+01:00,0.0,0.9998999999999999,0.0,0.0,0.0,0.0001,Label 0: Normal_NoIntervention,0.0,0.0,,,,,0.0001,Process - Normal,0.0,0.0,0.0,Case 3 (Predictions Aligned): Normal - No Conflicting Result,0
67,0,0.0,5520,0.7532751091703057,7328,,0.0095459579576953,0,,,,,,,2025-05-09 15:41:00+01:00,0,Network - Marginal,0,0,47.0,2025-05-09 15:41:00+01:00,0.0,0.9990000000000001,0.0001,0.0006,0.0001,0.0003,Label 0: Normal_NoIntervention,0.0,0.0,,,,,0.0006,Process - Normal,0.0,0.0,0.0,Case 3 (Predictions Aligned): Normal - No Conflicting Result,0
68,0,0.0,5540,0.7533315202610824,7354,,0.0242383117601973,0,,,,,,,2025-05-09 15:42:00+01:00,0,Network - Normal,0,0,48.0,2025-05-09 15:42:00+01:00,0.0,0.9998999999999999,0.0,0.0001,0.0,0.0,Label 0: Normal_NoIntervention,0.0,0.0,,,,,0.0001,Process - Normal,0.0,0.0,0.0,Case 3 (Predictions Aligned): Normal - No Conflicting Result,0
69,0,0.0,5530,0.7530981887511916,7343,,-0.0037646128283664,1,2025-05-09 14:43:00,-,"53373, 53218","253, 100, 204, 189, 96",Unusual OPC UA write pattern detected,-0.0037646128283664,2025-05-09 15:43:00+01:00,0,Network - Marginal,0,1,49.0,2025-05-09 15:43:00+01:00,0.0,1.0,0.0,0.0,0.0,0.0,Label 0: Normal_NoIntervention,0.0,0.0,,,,,0.0,Process - Normal,0.0,0.0,0.0,"Case 3 (Marginal Network Score): Normal - Network Marginal, Trusted Process",0
70,0,0.0,5890,0.7545477837560851,7806,,0.0125305204119434,0,,,,,,,2025-05-09 15:44:00+01:00,0,Network - Normal,0,0,50.0,2025-05-09 15:44:00+01:00,0.0,0.9992,0.0,0.0007000000000000001,0.0,0.0001,Label 0: Normal_NoIntervention,0.0,0.0,,,,,0.0007000000000000001,Process - Normal,0.0,0.0,0.0,Case 3 (Predictions Aligned): Normal - No Conflicting Result,0
71,0,0.0,5950,0.7541191381495564,7890,,0.0125305204119434,0,,,,,,,2025-05-09 15:45:00+01:00,0,Network - Normal,0,0,51.0,2025-05-09 15:45:00+01:00,0.0,1.0,0.0,0.0,0.0,0.0,Label 0: Normal_NoIntervention,0.0,0.0,,,,,0.0,Process - Normal,0.0,0.0,0.0,Case 3 (Predictions Aligned): Normal - No Conflicting Result,0
72,0,0.0,5950,0.7494646680942184,7939,,-0.1287231694335594,1,2025-05-09 14:46:00,-,"53373, 53218","253, 100, 204, 189, 1711",Unusual OPC UA write pattern detected,-0.1287231694335594,2025-05-09 15:46:00+01:00,0,Network - Anomaly,0,1,52.0,2025-05-09 15:46:00+01:00,0.0,1.0,0.0,0.0,0.0,0.0,Label 0: Normal_NoIntervention,0.0,0.0,,,,,0.0,Process - Normal,0.0,0.0,0.0,Case 3 (Predictions Conflicts): Normal - Process Predictions Override,0
73,0,0.0,5840,0.7508356904088455,7778,,-0.0925790374652747,1,2025-05-09 14:47:00,-,"53373, 53218","253, 100, 204, 189, 159",Unusual OPC UA write pattern detected,-0.0925790374652747,2025-05-09 15:47:00+01:00,0,Network - Anomaly,0,1,53.0,2025-05-09 15:47:00+01:00,0.0,1.0,0.0,0.0,0.0,0.0,Label 0: Normal_NoIntervention,0.0,0.0,,,,,0.0,Process - Normal,0.0,0.0,0.0,Case 3 (Predictions Conflicts): Normal - Process Predictions Override,0
74,0,0.0,5960,0.7544303797468355,7900,,0.0125305204119434,0,,,,,,,2025-05-09 15:48:00+01:00,0,Network - Normal,0,0,54.0,2025-05-09 15:48:00+01:00,0.0,0.9990000000000001,0.0001,0.0007000000000000001,0.0001,0.0001,Label 0: Normal_NoIntervention,0.0,0.0,,,,,0.0007000000000000001,Process - Normal,0.0,0.0,0.0,Case 3 (Predictions Aligned): Normal - No Conflicting Result,0
75,0,0.0,2440,0.7322929171668667,3332,,-0.139127898705633,1,2025-05-09 14:49:00,-,"53373, 53218","253, 100, 204, 189, 1608",Unusual OPC UA write pattern detected,-0.139127898705633,2025-05-09 15:49:00+01:00,0,Network - Anomaly,0,1,,,,,,,,,,,,,,,,,,,,0.0,Case 1 (Only Network Data Available): Likely Anomaly,1
76,0,0.0,5870,0.7542078889888217,7783,,0.0125305204119434,0,,,,,,,2025-05-09 15:50:00+01:00,0,Network - Normal,0,0,,,,,,,,,,,,,,,,,,,,0.0,Case 1 (Only Network Data Available): Likely Normal,0
77,0,0.0,5960,0.7544303797468355,7900,,0.0125305204119434,0,,,,,,,2025-05-09 15:51:00+01:00,0,Network - Normal,0,0,,,,,,,,,,,,,,,,,,,,0.0,Case 1 (Only Network Data Available): Likely Normal,0
78,0,0.0,5960,0.7542394330549228,7902,,0.0125305204119434,0,,,,,,,2025-05-09 15:52:00+01:00,0,Network - Normal,0,0,,,,,,,,,,,,,,,,,,,,0.0,Case 1 (Only Network Data Available): Likely Normal,0
79,0,0.0,5920,0.7545245985215396,7846,,0.0125305204119434,0,,,,,,,2025-05-09 15:53:00+01:00,0,Network - Normal,0,0,,,,,,,,,,,,,,,,,,,,0.0,Case 1 (Only Network Data Available): Likely Normal,0
80,0,0.0,5940,0.7543815087630176,7874,,0.0125305204119434,0,,,,,,,2025-05-09 15:54:00+01:00,0,Network - Normal,0,0,,,,,,,,,,,,,,,,,,,,0.0,Case 1 (Only Network Data Available): Likely Normal,0
81,0,0.0,5890,0.7543545081967213,7808,,0.0125305204119434,0,,,,,,,2025-05-09 15:55:00+01:00,0,Network - Normal,0,0,,,,,,,,,,,,,,,,,,,,0.0,Case 1 (Only Network Data Available): Likely Normal,0
82,0,0.0,5880,0.7539428131811771,7799,,0.0125305204119434,0,,,,,,,2025-05-09 15:56:00+01:00,0,Network - Normal,0,0,,,,,,,,,,,,,,,,,,,,0.0,Case 1 (Only Network Data Available): Likely Normal,0
83,0,0.0,5940,0.7541899441340782,7876,,0.0125305204119434,0,,,,,,,2025-05-09 15:57:00+01:00,0,Network - Normal,0,0,55.0,2025-05-09 15:57:00+01:00,0.0,1.0,0.0,0.0,0.0,0.0,Label 0: Normal_NoIntervention,0.0,0.0,,,,,0.0,Process - Normal,0.0,0.0,0.0,Case 3 (Predictions Aligned): Normal - No Conflicting Result,0
84,4,0.0005342593829304,5634,0.7525043408574863,7487,2.0,-0.0435810343301592,1,2025-05-09 14:58:00,"-, MCDData.Conveyor2_Sensor, MCDData.Conveyor1_Sensor","53373, 53218","253, 100, 204, 189, 1685",Unusual OPC UA write pattern detected,-0.0435810343301592,2025-05-09 15:58:00+01:00,1,Network - Anomaly,1,1,56.0,2025-05-09 15:58:00+01:00,0.0,0.9981,0.0001,0.0016,0.0001,0.0001,Label 0: Normal_NoIntervention,0.0,0.0,,,,,0.0016,Process - Normal,1.0,0.0,0.0,Case 3 (Predictions Aligned): Anomaly - Process Score equals or greater than 0.8 or Alarm Triggered,1
85,11,0.0014254243877154,5801,0.7517169884670208,7717,3.0,-0.0647108021933401,1,2025-05-09 14:59:00,"-, MCDData.Conveyor3_Sensor, MCDData.Conveyor1_Speed, MCDData.Conveyor2_Speed","53373, 53218","253, 100, 204, 189, 225",Unusual OPC UA write pattern detected,-0.0647108021933401,2025-05-09 15:59:00+01:00,1,Network - Anomaly,1,1,57.0,2025-05-09 15:59:00+01:00,0.0,1.0,0.0,0.0,0.0,0.0,Label 0: Normal_NoIntervention,5.0,0.0,prov:default:/tag:Conveyor2_Speed:/alm:High Speed Alarm - Conveyor 2,255.25,489.0,50.0,0.0,Process - Normal,1.0,0.0,0.0,Case 3 (Predictions Aligned): Anomaly - Process Score equals or greater than 0.8 or Alarm Triggered,1
86,7,0.0009747945968528,5397,0.7515666341735134,7181,1.0,-0.0683255835413885,1,2025-05-09 15:00:00,"-, MCDData.Conveyor3_Speed","53373, 53218","253, 100, 204, 189, 1631",Unusual OPC UA write pattern detected,-0.0683255835413885,2025-05-09 16:00:00+01:00,1,Network - Anomaly,1,1,58.0,2025-05-09 16:00:00+01:00,0.0,0.9998999999999999,0.0,0.0001,0.0,0.0,Label 0: Normal_NoIntervention,3.0,0.0,prov:default:/tag:Conveyor3_Speed:/alm:High Speed Alarm - Conveyor 3,275.0,500.0,50.0,0.0001,Process - Normal,1.0,0.0,0.0,Case 3 (Predictions Aligned): Anomaly - Process Score equals or greater than 0.8 or Alarm Triggered,1
87,8,0.0010226255912054,5858,0.7488175891601687,7823,3.0,-0.139127898705633,1,2025-05-09 15:01:00,"-, MCDData.Gripper_Sensor, MCDData.Gripper_UP_Limit, MCDData.Gripper_LO_Limit","53373, 53218","253, 100, 204, 189, 1608",Unusual OPC UA write pattern detected,-0.139127898705633,2025-05-09 16:01:00+01:00,1,Network - Anomaly,1,1,59.0,2025-05-09 16:01:00+01:00,0.0,1.0,0.0,0.0,0.0,0.0,Label 0: Normal_NoIntervention,3.0,0.0,prov:default:/tag:Conveyor3_Speed:/alm:High Speed Alarm - Conveyor 3,260.5,471.0,50.0,0.0,Process - Normal,1.0,0.0,0.0,Case 3 (Predictions Aligned): Anomaly - Process Score equals or greater than 0.8 or Alarm Triggered,1
88,28,0.0034951941081013,5978,0.7462239420796405,8011,1.0,-0.139127898705633,1,2025-05-09 15:02:00,"-, MCDData.Gripper_Z_Speed","53373, 53218","253, 100, 204, 189, 1558",Unusual OPC UA write pattern detected,-0.139127898705633,2025-05-09 16:02:00+01:00,1,Network - Anomaly,1,1,60.0,2025-05-09 16:02:00+01:00,0.0,0.9995999999999999,0.0002,0.0002,0.0,0.0,Label 0: Normal_NoIntervention,0.0,0.0,,,,,0.0002,Process - Normal,1.0,0.0,0.0,Case 3 (Predictions Aligned): Anomaly - Process Score equals or greater than 0.8 or Alarm Triggered,1
89,7,0.0008874239350912,5937,0.7526622718052738,7888,4.0,-0.0435810343301592,1,2025-05-09 15:03:00,"-, MCDData.Gripper_Z_Speed, MCDData.Gripper_LO_Limit, MCDData.Gripper_UP_Limit, MCDData.Gripper_Sensor","53218, 53373","1584, 74, 253, 100, 204",Unusual OPC UA write pattern detected,-0.0435810343301592,2025-05-09 16:03:00+01:00,1,Network - Anomaly,1,1,61.0,2025-05-09 16:03:00+01:00,1.0,0.0279,0.97,0.0005,0.0005,0.0011,Label 1: Conveyor_SpeedManipulation,0.0,0.0,,,,,0.97,Process - Anomaly,1.0,1.0,1.0,Case 3 (Predictions Aligned): Anomaly - Process Score equals or greater than 0.8 or Alarm Triggered,1
90,10,0.0012787723785166,5880,0.7519181585677749,7820,3.0,-0.058090674810702,1,2025-05-09 15:04:00,"-, MCDData.GetBox_signal, MCDData.MCD_GetBoxDone, MCDData.Gripper_Z_Speed","53373, 53218","253, 100, 204, 189, 1656",Unusual OPC UA write pattern detected,-0.058090674810702,2025-05-09 16:04:00+01:00,1,Network - Anomaly,1,1,62.0,2025-05-09 16:04:00+01:00,1.0,0.0077,0.9817,0.0002,0.0103,0.0001,Label 1: Conveyor_SpeedManipulation,0.0,0.0,,,,,0.9817,Process - Anomaly,1.0,1.0,1.0,Case 3 (Predictions Aligned): Anomaly - Process Score equals or greater than 0.8 or Alarm Triggered,1
91,5,0.0006399590426212,5885,0.7532317931652375,7813,1.0,0.0095459579576953,0,,,,,,,2025-05-09 16:05:00+01:00,0,Network - Marginal,1,0,63.0,2025-05-09 16:05:00+01:00,1.0,0.0005,0.998,0.0,0.0013,0.0002,Label 1: Conveyor_SpeedManipulation,0.0,0.0,,,,,0.998,Process - Anomaly,1.0,1.0,1.0,Case 3 (Predictions Aligned): Anomaly - Process Score equals or greater than 0.8 or Alarm Triggered,1
92,0,0.0,5960,0.7542394330549228,7902,,0.0125305204119434,0,,,,,,,2025-05-09 16:06:00+01:00,0,Network - Normal,1,0,64.0,2025-05-09 16:06:00+01:00,0.0,0.9765,0.0029,0.0019,0.0158,0.0028000000000000004,Label 0: Normal_NoIntervention,0.0,0.0,,,,,0.0158,Process - Normal,1.0,0.0,0.0,Case 3 (Predictions Aligned): Normal - No Conflicting Result,0
93,0,0.0,5880,0.754232939969215,7796,,0.0125305204119434,0,,,,,,,2025-05-09 16:07:00+01:00,0,Network - Normal,1,0,65.0,2025-05-09 16:07:00+01:00,1.0,0.0,1.0,0.0,0.0,0.0,Label 1: Conveyor_SpeedManipulation,0.0,0.0,,,,,1.0,Process - Anomaly,1.0,1.0,1.0,Case 3 (Predictions Aligned): Anomaly - Process Score equals or greater than 0.8 or Alarm Triggered,1
94,0,0.0,5920,0.7545245985215396,7846,,0.0125305204119434,0,,,,,,,2025-05-09 16:08:00+01:00,0,Network - Normal,1,0,66.0,2025-05-09 16:08:00+01:00,0.0,0.9998,0.0,0.0001,0.0,0.0,Label 0: Normal_NoIntervention,0.0,0.0,,,,,0.0001,Process - Normal,1.0,0.0,0.0,Case 3 (Predictions Aligned): Normal - No Conflicting Result,0
95,0,0.0,5940,0.7543815087630176,7874,,0.0125305204119434,0,,,,,,,2025-05-09 16:09:00+01:00,0,Network - Normal,1,0,67.0,2025-05-09 16:09:00+01:00,0.0,0.9993000000000001,0.0001,0.0005,0.0001,0.0,Label 0: Normal_NoIntervention,0.0,0.0,,,,,0.0005,Process - Normal,0.0,0.0,0.0,Case 3 (Predictions Aligned): Normal - No Conflicting Result,0
96,0,0.0,5120,0.7511737089201878,6816,,-0.0761093281243845,1,2025-05-09 15:10:00,-,"53373, 53218","253, 100, 204, 189, 1584",Unusual OPC UA write pattern detected,-0.0761093281243845,2025-05-09 16:10:00+01:00,0,Network - Anomaly,1,1,,,,,,,,,,,,,,,,,,,,0.0,Case 1 (Only Network Data Available): Likely Anomaly,1
97,0,0.0,5860,0.7541827541827542,7770,,0.0125305204119434,0,,,,,,,2025-05-09 16:11:00+01:00,0,Network - Normal,1,0,,,,,,,,,,,,,,,,,,,,0.0,Case 1 (Only Network Data Available): Likely Normal,0
98,0,0.0,5960,0.7544303797468355,7900,,0.0125305204119434,0,,,,,,,2025-05-09 16:12:00+01:00,0,Network - Normal,1,0,,,,,,,,,,,,,,,,,,,,0.0,Case 1 (Only Network Data Available): Likely Normal,0
99,0,0.0,5910,0.7545001914975106,7833,,0.0125305204119434,0,,,,,,,2025-05-09 16:13:00+01:00,0,Network - Normal,1,0,,,,,,,,,,,,,,,,,,,,0.0,Case 1 (Only Network Data Available): Likely Normal,0
100,0,0.0,5910,0.7542113323124043,7836,,0.0125305204119434,0,,,,,,,2025-05-09 16:14:00+01:00,0,Network - Normal,1,0,,,,,,,,,,,,,,,,,,,,0.0,Case 1 (Only Network Data Available): Likely Normal,0
101,0,0.0,5940,0.7525655644241733,7893,,-0.0435810343301592,1,2025-05-09 15:15:00,-,"53373, 53218","189, 253, 100, 204, 1608",Unusual OPC UA write pattern detected,-0.0435810343301592,2025-05-09 16:15:00+01:00,0,Network - Anomaly,0,1,,,,,,,,,,,,,,,,,,,,0.0,Case 1 (Only Network Data Available): Likely Anomaly,1
102,0,0.0,5910,0.7512393542646498,7867,,-0.0750701382331913,1,2025-05-09 15:16:00,-,"53373, 53218","253, 100, 204, 189, 1558",Unusual OPC UA write pattern detected,-0.0750701382331913,2025-05-09 16:16:00+01:00,0,Network - Anomaly,0,1,,,,,,,,,,,,,,,,,,,,0.0,Case 1 (Only Network Data Available): Likely Anomaly,1
103,0,0.0,5910,0.7541150950618859,7837,,0.0125305204119434,0,,,,,,,2025-05-09 16:17:00+01:00,0,Network - Normal,0,0,,,,,,,,,,,,,,,,,,,,0.0,Case 1 (Only Network Data Available): Likely Normal,0
104,0,0.0,5920,0.7543323139653415,7848,,0.0125305204119434,0,,,,,,,2025-05-09 16:18:00+01:00,0,Network - Normal,0,0,,,,,,,,,,,,,,,,,,,,0.0,Case 1 (Only Network Data Available): Likely Normal,0
105,0,0.0,5870,0.7542078889888217,7783,,0.0125305204119434,0,,,,,,,2025-05-09 16:19:00+01:00,0,Network - Normal,0,0,,,,,,,,,,,,,,,,,,,,0.0,Case 1 (Only Network Data Available): Likely Normal,0
106,0,0.0,5900,0.7542827921247762,7822,,0.0125305204119434,0,,,,,,,2025-05-09 16:20:00+01:00,0,Network - Normal,0,0,,,,,,,,,,,,,,,,,,,,0.0,Case 1 (Only Network Data Available): Likely Normal,0
107,0,0.0,5920,0.7541401273885351,7850,,0.0125305204119434,0,,,,,,,2025-05-09 16:21:00+01:00,0,Network - Normal,0,0,,,,,,,,,,,,,,,,,,,,0.0,Case 1 (Only Network Data Available): Likely Normal,0
108,0,0.0,5910,0.7543075941289088,7835,,0.0125305204119434,0,,,,,,,2025-05-09 16:22:00+01:00,0,Network - Normal,0,0,,,,,,,,,,,,,,,,,,,,0.0,Case 1 (Only Network Data Available): Likely Normal,0
109,0,0.0,5930,0.7545489247995928,7859,,0.0125305204119434,0,,,,,,,2025-05-09 16:23:00+01:00,0,Network - Normal,0,0,68.0,2025-05-09 16:23:00+01:00,0.0,1.0,0.0,0.0,0.0,0.0,Label 0: Normal_NoIntervention,0.0,0.0,,,,,0.0,Process - Normal,0.0,0.0,0.0,Case 3 (Predictions Aligned): Normal - No Conflicting Result,0
110,0,0.0,5910,0.7542113323124043,7836,,0.0125305204119434,0,,,,,,,2025-05-09 16:24:00+01:00,0,Network - Normal,0,0,69.0,2025-05-09 16:24:00+01:00,0.0,1.0,0.0,0.0,0.0,0.0,Label 0: Normal_NoIntervention,0.0,0.0,,,,,0.0,Process - Normal,0.0,0.0,0.0,Case 3 (Predictions Aligned): Normal - No Conflicting Result,0
111,0,0.0,5920,0.7544284439913342,7847,,0.0125305204119434,0,,,,,,,2025-05-09 16:25:00+01:00,0,Network - Normal,0,0,70.0,2025-05-09 16:25:00+01:00,0.0,0.9978,0.0001,0.0019,0.0,0.0002,Label 0: Normal_NoIntervention,0.0,0.0,,,,,0.0019,Process - Normal,0.0,0.0,0.0,Case 3 (Predictions Aligned): Normal - No Conflicting Result,0
112,0,0.0,5820,0.7540813682301114,7718,,0.0125305204119434,0,,,,,,,2025-05-09 16:26:00+01:00,0,Network - Normal,0,0,71.0,2025-05-09 16:26:00+01:00,0.0,1.0,0.0,0.0,0.0,0.0,Label 0: Normal_NoIntervention,0.0,0.0,,,,,0.0,Process - Normal,0.0,0.0,0.0,Case 3 (Predictions Aligned): Normal - No Conflicting Result,0
113,0,0.0,5640,0.7538091419406576,7482,,0.0125305204119434,0,,,,,,,2025-05-09 16:27:00+01:00,0,Network - Normal,0,0,72.0,2025-05-09 16:27:00+01:00,0.0,0.9995999999999999,0.0,0.0003,0.0,0.0,Label 0: Normal_NoIntervention,0.0,0.0,,,,,0.0003,Process - Normal,0.0,0.0,0.0,Case 3 (Predictions Aligned): Normal - No Conflicting Result,0
114,0,0.0,5690,0.7537422175122532,7549,,0.0179592191708745,0,,,,,,,2025-05-09 16:28:00+01:00,0,Network - Normal,0,0,73.0,2025-05-09 16:28:00+01:00,0.0,0.9998999999999999,0.0,0.0,0.0,0.0,Label 0: Normal_NoIntervention,0.0,0.0,,,,,0.0,Process - Normal,0.0,0.0,0.0,Case 3 (Predictions Aligned): Normal - No Conflicting Result,0
115,0,0.0,5550,0.7535641547861507,7365,,0.0327257796729565,0,,,,,,,2025-05-09 16:29:00+01:00,0,Network - Normal,0,0,74.0,2025-05-09 16:29:00+01:00,0.0,0.9998,0.0,0.0001,0.0,0.0,Label 0: Normal_NoIntervention,0.0,0.0,,,,,0.0001,Process - Normal,0.0,0.0,0.0,Case 3 (Predictions Aligned): Normal - No Conflicting Result,0
116,0,0.0,5790,0.7508753728439891,7711,,-0.0888062281032737,1,2025-05-09 15:30:00,-,"53373, 53218","253, 100, 204, 189, 1656",Unusual OPC UA write pattern detected,-0.0888062281032737,2025-05-09 16:30:00+01:00,0,Network - Anomaly,0,1,75.0,2025-05-09 16:30:00+01:00,0.0,0.9998999999999999,0.0,0.0,0.0,0.0,Label 0: Normal_NoIntervention,0.0,0.0,,,,,0.0,Process - Normal,0.0,0.0,0.0,Case 3 (Predictions Conflicts): Normal - Process Predictions Override,0
117,0,0.0,5640,0.7536076964190273,7484,,0.0315869974527709,0,,,,,,,2025-05-09 16:31:00+01:00,0,Network - Normal,0,0,76.0,2025-05-09 16:31:00+01:00,0.0,0.9990000000000001,0.0001,0.0006,0.0002,0.0001,Label 0: Normal_NoIntervention,0.0,0.0,,,,,0.0006,Process - Normal,0.0,0.0,0.0,Case 3 (Predictions Aligned): Normal - No Conflicting Result,0
118,0,0.0,5920,0.7543323139653415,7848,,0.0125305204119434,0,,,,,,,2025-05-09 16:32:00+01:00,0,Network - Normal,0,0,77.0,2025-05-09 16:32:00+01:00,0.0,0.9998,0.0,0.0002,0.0,0.0,Label 0: Normal_NoIntervention,0.0,0.0,,,,,0.0002,Process - Normal,0.0,0.0,0.0,Case 3 (Predictions Aligned): Normal - No Conflicting Result,0
119,0,0.0,5850,0.7541575351295604,7757,,0.0125305204119434,0,,,,,,,2025-05-09 16:33:00+01:00,0,Network - Normal,0,0,78.0,2025-05-09 16:33:00+01:00,0.0,1.0,0.0,0.0,0.0,0.0,Label 0: Normal_NoIntervention,0.0,0.0,,,,,0.0,Process - Normal,0.0,0.0,0.0,Case 3 (Predictions Aligned): Normal - No Conflicting Result,0
120,0,0.0,5930,0.7543569520417249,7861,,0.0125305204119434,0,,,,,,,2025-05-09 16:34:00+01:00,0,Network - Normal,0,0,79.0,2025-05-09 16:34:00+01:00,0.0,1.0,0.0,0.0,0.0,0.0,Label 0: Normal_NoIntervention,0.0,0.0,,,,,0.0,Process - Normal,0.0,0.0,0.0,Case 3 (Predictions Aligned): Normal - No Conflicting Result,0
121,0,0.0,5930,0.7543569520417249,7861,,0.0125305204119434,0,,,,,,,2025-05-09 16:35:00+01:00,0,Network - Normal,0,0,80.0,2025-05-09 16:35:00+01:00,0.0,0.9998999999999999,0.0,0.0001,0.0,0.0,Label 0: Normal_NoIntervention,0.0,0.0,,,,,0.0001,Process - Normal,0.0,0.0,0.0,Case 3 (Predictions Aligned): Normal - No Conflicting Result,0
122,0,0.0,5970,0.7542640555906507,7915,,0.0125305204119434,0,,,,,,,2025-05-09 16:36:00+01:00,0,Network - Normal,0,0,81.0,2025-05-09 16:36:00+01:00,0.0,0.9992,0.0,0.0007000000000000001,0.0,0.0,Label 0: Normal_NoIntervention,0.0,0.0,,,,,0.0007000000000000001,Process - Normal,0.0,0.0,0.0,Case 3 (Predictions Aligned): Normal - No Conflicting Result,0
123,0,0.0,5920,0.7543323139653415,7848,,0.0125305204119434,0,,,,,,,2025-05-09 16:37:00+01:00,0,Network - Normal,0,0,82.0,2025-05-09 16:37:00+01:00,0.0,1.0,0.0,0.0,0.0,0.0,Label 0: Normal_NoIntervention,0.0,0.0,,,,,0.0,Process - Normal,0.0,0.0,0.0,Case 3 (Predictions Aligned): Normal - No Conflicting Result,0
124,0,0.0,5850,0.7543520309477756,7755,,0.0125305204119434,0,,,,,,,2025-05-09 16:38:00+01:00,0,Network - Normal,0,0,83.0,2025-05-09 16:38:00+01:00,0.0,0.9995,0.0,0.0004,0.0,0.0,Label 0: Normal_NoIntervention,0.0,0.0,,,,,0.0004,Process - Normal,0.0,0.0,0.0,Case 3 (Predictions Aligned): Normal - No Conflicting Result,0
125,0,0.0,5880,0.7544264819091608,7794,,0.0125305204119434,0,,,,,,,2025-05-09 16:39:00+01:00,0,Network - Normal,0,0,84.0,2025-05-09 16:39:00+01:00,0.0,1.0,0.0,0.0,0.0,0.0,Label 0: Normal_NoIntervention,0.0,0.0,,,,,0.0,Process - Normal,0.0,0.0,0.0,Case 3 (Predictions Aligned): Normal - No Conflicting Result,0
126,0,0.0,5870,0.7542078889888217,7783,,0.0125305204119434,0,,,,,,,2025-05-09 16:40:00+01:00,0,Network - Normal,0,0,85.0,2025-05-09 16:40:00+01:00,0.0,0.9995999999999999,0.0,0.0003,0.0,0.0,Label 0: Normal_NoIntervention,0.0,0.0,,,,,0.0003,Process - Normal,0.0,0.0,0.0,Case 3 (Predictions Aligned): Normal - No Conflicting Result,0
127,0,0.0,5870,0.7540141297366731,7785,,0.0125305204119434,0,,,,,,,2025-05-09 16:41:00+01:00,0,Network - Normal,0,0,86.0,2025-05-09 16:41:00+01:00,0.0,0.9998,0.0,0.0,0.0001,0.0,Label 0: Normal_NoIntervention,0.0,0.0,,,,,0.0001,Process - Normal,0.0,0.0,0.0,Case 3 (Predictions Aligned): Normal - No Conflicting Result,0
128,0,0.0,5920,0.7541401273885351,7850,,0.0125305204119434,0,,,,,,,2025-05-09 16:42:00+01:00,0,Network - Normal,0,0,87.0,2025-05-09 16:42:00+01:00,0.0,0.9863,0.0004,0.0118,0.0008,0.0006,Label 0: Normal_NoIntervention,0.0,0.0,,,,,0.0118,Process - Normal,0.0,0.0,0.0,Case 3 (Predictions Aligned): Normal - No Conflicting Result,0
129,0,0.0,5210,0.7514784364632915,6933,,-0.0693522915899833,1,2025-05-09 15:43:00,-,"53373, 53218","253, 100, 204, 189, 1634",Unusual OPC UA write pattern detected,-0.0693522915899833,2025-05-09 16:43:00+01:00,0,Network - Anomaly,0,1,,,,,,,,,,,,,,,,,,,,0.0,Case 1 (Only Network Data Available): Likely Anomaly,1
130,0,0.0,5920,0.7543323139653415,7848,,0.0125305204119434,0,,,,,,,2025-05-09 16:44:00+01:00,0,Network - Normal,0,0,,,,,,,,,,,,,,,,,,,,0.0,Case 1 (Only Network Data Available): Likely Normal,0
131,0,0.0,5950,0.7534506774724579,7897,,0.0318860828160001,0,,,,,,,2025-05-09 16:45:00+01:00,0,Network - Normal,0,0,,,,,,,,,,,,,,,,,,,,0.0,Case 1 (Only Network Data Available): Likely Normal,0
132,0,0.0,5960,0.7542394330549228,7902,,0.0125305204119434,0,,,,,,,2025-05-09 16:46:00+01:00,0,Network - Normal,0,0,,,,,,,,,,,,,,,,,,,,0.0,Case 1 (Only Network Data Available): Likely Normal,0
133,0,0.0,5960,0.7542394330549228,7902,,0.0125305204119434,0,,,,,,,2025-05-09 16:47:00+01:00,0,Network - Normal,0,0,,,,,,,,,,,,,,,,,,,,0.0,Case 1 (Only Network Data Available): Likely Normal,0
134,0,0.0,5970,0.7544546948060155,7913,,0.0125305204119434,0,,,,,,,2025-05-09 16:48:00+01:00,0,Network - Normal,0,0,,,,,,,,,,,,,,,,,,,,0.0,Case 1 (Only Network Data Available): Likely Normal,0
135,0,0.0,5940,0.7543815087630176,7874,,0.0125305204119434,0,,,,,,,2025-05-09 16:49:00+01:00,0,Network - Normal,1,0,,,,,,,,,,,,,,,,,,,,0.0,Case 1 (Only Network Data Available): Likely Normal,0
136,0,0.0,5470,0.7533397603635863,7261,,0.0242383117601973,0,,,,,,,2025-05-09 16:50:00+01:00,0,Network - Normal,1,0,,,,,,,,,,,,,,,,,,,,0.0,Case 1 (Only Network Data Available): Likely Normal,0
137,0,0.0,5540,0.7459270230241013,7427,,-0.139127898705633,1,2025-05-09 15:51:00,-,"53373, 53218, 52130, 52131","253, 100, 204, 189, 1685",Unusual OPC UA write pattern detected,-0.139127898705633,2025-05-09 16:51:00+01:00,0,Network - Anomaly,1,1,,,,,,,,,,,,,,,,,,,,0.0,Case 1 (Only Network Data Available): Likely Anomaly,1
138,0,0.0,5810,0.7373096446700508,7880,,-0.139127898705633,1,2025-05-09 15:52:00,-,"53373, 53218, 52131","253, 100, 204, 189, 2282",Unusual OPC UA write pattern detected,-0.139127898705633,2025-05-09 16:52:00+01:00,0,Network - Anomaly,1,1,88.0,2025-05-09 16:52:00+01:00,0.0,0.9998,0.0,0.0001,0.0,0.0001,Label 0: Normal_NoIntervention,0.0,0.0,,,,,0.0001,Process - Normal,1.0,0.0,0.0,Case 3 (Predictions Conflicts): Normal - Process Predictions Override,0
139,2,0.0002516672958349,5932,0.7464451994463319,7947,1.0,-0.139127898705633,1,2025-05-09 15:53:00,"-, MCDData.Conveyor2_Speed","53373, 53218, 52131","253, 100, 204, 189, 2488",Unusual OPC UA write pattern detected,-0.139127898705633,2025-05-09 16:53:00+01:00,1,Network - Anomaly,1,1,89.0,2025-05-09 16:53:00+01:00,0.0,0.9937,0.0003,0.0052,0.0005,0.0004,Label 0: Normal_NoIntervention,1.0,0.0,prov:default:/tag:Conveyor2_Speed:/alm:High Speed Alarm - Conveyor 2,400000.0,400000.0,400000.0,0.0052,Process - Normal,1.0,0.0,0.0,Case 3 (Predictions Aligned): Anomaly - Process Score equals or greater than 0.8 or Alarm Triggered,1
140,1,0.000125328988595,5951,0.7458328111292142,7979,1.0,-0.139127898705633,1,2025-05-09 15:54:00,"-, MCDData.Conveyor3_Speed","53373, 53218, 52131","253, 100, 204, 189, 422",Unusual OPC UA write pattern detected,-0.139127898705633,2025-05-09 16:54:00+01:00,1,Network - Anomaly,1,1,90.0,2025-05-09 16:54:00+01:00,0.0,0.9998999999999999,0.0,0.0001,0.0,0.0,Label 0: Normal_NoIntervention,3.0,0.0,"prov:default:/tag:Conveyor2_Speed:/alm:High Speed Alarm - Conveyor 2, prov:default:/tag:Conveyor3_Speed:/alm:High Speed Alarm - Conveyor 3",13366.666666666666,40000.0,50.0,0.0001,Process - Normal,1.0,0.0,0.0,Case 3 (Predictions Aligned): Anomaly - Process Score equals or greater than 0.8 or Alarm Triggered,1
141,2,0.0002523022581052,5912,0.7458054749590008,7927,1.0,-0.139127898705633,1,2025-05-09 15:55:00,"-, MCDData.Conveyor3_Speed","53373, 52131, 53218","253, 100, 204, 189, 136",Unusual OPC UA write pattern detected,-0.139127898705633,2025-05-09 16:55:00+01:00,1,Network - Anomaly,1,1,91.0,2025-05-09 16:55:00+01:00,0.0,1.0,0.0,0.0,0.0,0.0,Label 0: Normal_NoIntervention,0.0,0.0,,,,,0.0,Process - Normal,1.0,0.0,0.0,Case 3 (Predictions Aligned): Anomaly - Process Score equals or greater than 0.8 or Alarm Triggered,1
142,0,0.0,5920,0.7493670886075949,7900,,-0.139127898705633,1,2025-05-09 15:56:00,-,"53373, 53218, 52131","253, 100, 204, 189, 2417",Unusual OPC UA write pattern detected,-0.139127898705633,2025-05-09 16:56:00+01:00,0,Network - Anomaly,1,1,92.0,2025-05-09 16:56:00+01:00,0.0,0.9998,0.0,0.0002,0.0,0.0,Label 0: Normal_NoIntervention,0.0,0.0,,,,,0.0002,Process - Normal,1.0,0.0,0.0,Case 3 (Predictions Conflicts): Normal - Process Predictions Override,0
143,1,0.0001261034047919,5921,0.7466582597730139,7930,1.0,-0.139127898705633,1,2025-05-09 15:57:00,"-, MCDData.Conveyor3_Speed","53373, 53218, 52131","253, 100, 204, 189, 2391",Unusual OPC UA write pattern detected,-0.139127898705633,2025-05-09 16:57:00+01:00,1,Network - Anomaly,1,1,93.0,2025-05-09 16:57:00+01:00,0.0,0.9481999999999999,0.0464,0.0012,0.0025,0.0018,Label 0: Normal_NoIntervention,2.0,0.0,prov:default:/tag:Conveyor3_Speed:/alm:High Speed Alarm - Conveyor 3,20025.0,40000.0,50.0,0.0464,Process - Normal,1.0,0.0,0.0,Case 3 (Predictions Aligned): Anomaly - Process Score equals or greater than 0.8 or Alarm Triggered,1
144,3,0.0003936491274111,5693,0.7470148274504658,7621,2.0,-0.139127898705633,1,2025-05-09 15:58:00,"-, MCDData.GetBox_signal, MCDData.RotatePosition","53373, 52131, 53218","253, 100, 204, 189, 159",Unusual OPC UA write pattern detected,-0.139127898705633,2025-05-09 16:58:00+01:00,1,Network - Anomaly,1,1,94.0,2025-05-09 16:58:00+01:00,1.0,0.0001,0.9978,0.0001,0.0002,0.0019,Label 1: Conveyor_SpeedManipulation,0.0,0.0,,,,,0.9978,Process - Anomaly,1.0,1.0,1.0,Case 3 (Predictions Aligned): Anomaly - Process Score equals or greater than 0.8 or Alarm Triggered,1
145,5,0.0006503642039542,5745,0.7472684703433923,7688,2.0,-0.139127898705633,1,2025-05-09 15:59:00,"-, MCDData.RotatePosition, MCDData.Gripper_Z_Speed","53373, 52131, 53218","253, 100, 204, 189, 132",Unusual OPC UA write pattern detected,-0.139127898705633,2025-05-09 16:59:00+01:00,1,Network - Anomaly,1,1,95.0,2025-05-09 16:59:00+01:00,1.0,0.0001,0.9942,0.0,0.0001,0.0055000000000000005,Label 1: Conveyor_SpeedManipulation,0.0,0.0,,,,,0.9942,Process - Anomaly,1.0,1.0,1.0,Case 3 (Predictions Aligned): Anomaly - Process Score equals or greater than 0.8 or Alarm Triggered,1
146,1,0.0001319783555496,5671,0.7484492543222911,7577,1.0,-0.139127898705633,1,2025-05-09 16:00:00,"-, MCDData.RotatePosition","53373, 52131, 53218","253, 100, 204, 189, 132",Unusual OPC UA write pattern detected,-0.139127898705633,2025-05-09 17:00:00+01:00,1,Network - Anomaly,1,1,96.0,2025-05-09 17:00:00+01:00,4.0,0.0,0.0013,0.0001,0.0002,0.9984000000000001,Label 4: Gripper_RotationDeviation,0.0,0.0,,,,,0.9984000000000001,Process - Anomaly,1.0,1.0,4.0,Case 3 (Predictions Aligned): Anomaly - Process Score equals or greater than 0.8 or Alarm Triggered,1
147,0,0.0,5710,0.7500328385656114,7613,,-0.1173740123297755,1,2025-05-09 16:01:00,-,"52131, 53373, 53218","85, 66, 253, 100, 204",Unusual OPC UA write pattern detected,-0.1173740123297755,2025-05-09 17:01:00+01:00,0,Network - Anomaly,1,1,97.0,2025-05-09 17:01:00+01:00,4.0,0.0001,0.08539999999999999,0.0004,0.0005,0.9135,Label 4: Gripper_RotationDeviation,0.0,0.0,,,,,0.9135,Process - Anomaly,1.0,1.0,4.0,Case 3 (Predictions Aligned): Anomaly - Process Score equals or greater than 0.8 or Alarm Triggered,1
148,0,0.0,0,0.0,16,,-0.139127898705633,1,2025-05-09 16:02:00,,"53218, 53373","1787, 74, 1582, 96, 66",Unusual OPC UA write pattern detected,-0.139127898705633,2025-05-09 17:02:00+01:00,0,Network - Anomaly,1,1,,,,,,,,,,,,,,,,,,,,0.0,Case 1 (Only Network Data Available): Likely Anomaly,1
