instance_y,timestamp_bst
,2025-05-09 14:35:00+01:00
,2025-05-09 14:36:00+01:00
,2025-05-09 14:37:00+01:00
,2025-05-09 14:38:00+01:00
,2025-05-09 15:04:00+01:00
,2025-05-09 15:05:00+01:00
,2025-05-09 15:06:00+01:00
,2025-05-09 15:07:00+01:00
,2025-05-09 15:08:00+01:00
,2025-05-09 15:09:00+01:00
,2025-05-09 15:10:00+01:00
,2025-05-09 15:11:00+01:00
,2025-05-09 15:12:00+01:00
,2025-05-09 15:13:00+01:00
,2025-05-09 15:14:00+01:00
,2025-05-09 15:15:00+01:00
,2025-05-09 15:16:00+01:00
,2025-05-09 15:17:00+01:00
,2025-05-09 15:18:00+01:00
,2025-05-09 15:49:00+01:00
,2025-05-09 15:50:00+01:00
,2025-05-09 15:51:00+01:00
,2025-05-09 15:52:00+01:00
,2025-05-09 15:53:00+01:00
,2025-05-09 15:54:00+01:00
,2025-05-09 15:55:00+01:00
,2025-05-09 15:56:00+01:00
,2025-05-09 16:10:00+01:00
,2025-05-09 16:11:00+01:00
,2025-05-09 16:12:00+01:00
,2025-05-09 16:13:00+01:00
,2025-05-09 16:14:00+01:00
,2025-05-09 16:15:00+01:00
,2025-05-09 16:16:00+01:00
,2025-05-09 16:17:00+01:00
,2025-05-09 16:18:00+01:00
,2025-05-09 16:19:00+01:00
,2025-05-09 16:20:00+01:00
,2025-05-09 16:21:00+01:00
,2025-05-09 16:22:00+01:00
,2025-05-09 16:43:00+01:00
,2025-05-09 16:44:00+01:00
,2025-05-09 16:45:00+01:00
,2025-05-09 16:46:00+01:00
,2025-05-09 16:47:00+01:00
,2025-05-09 16:48:00+01:00
,2025-05-09 16:49:00+01:00
,2025-05-09 16:50:00+01:00
,2025-05-09 16:51:00+01:00
,2025-05-09 17:02:00+01:00
