timestamp_minute,anomaly_score,triggered_features,rationale_text
2025-05-02 09:23:00,38,"['anomaly_logonProcess', 'anomaly_ruleid_67028', 'anomaly_ruleid_92052', 'anomaly_medium_or_higher', 'anomaly_score']",Suspicious logon process (user32 or NtLmSsp); Special privileges assigned to logon [T1484]; cmd prompt started by suspicious process [T1059.003]; Wazuh rule level 7 or above (medium/high severity); anomaly_score
2025-05-02 09:24:00,0,[],
2025-05-02 09:25:00,0,[],
2025-05-02 09:26:00,0,[],
2025-05-02 09:27:00,0,[],
2025-05-02 09:28:00,0,[],
2025-05-02 09:29:00,2,"['anomaly_medium_or_higher', 'anomaly_score']",Wazuh rule level 7 or above (medium/high severity); anomaly_score
2025-05-02 09:30:00,0,[],
2025-05-02 09:31:00,0,[],
2025-05-02 09:32:00,0,[],
2025-05-02 09:33:00,0,[],
2025-05-02 09:34:00,0,[],
2025-05-02 09:35:00,0,[],
2025-05-02 09:36:00,0,[],
2025-05-02 09:37:00,0,[],
2025-05-02 09:38:00,0,[],
2025-05-02 09:39:00,0,[],
2025-05-02 09:40:00,0,[],
2025-05-02 09:41:00,0,[],
2025-05-02 09:42:00,0,[],
2025-05-02 09:43:00,0,[],
2025-05-02 09:44:00,0,[],
2025-05-02 09:45:00,0,[],
2025-05-02 09:46:00,0,[],
2025-05-02 09:47:00,0,[],
2025-05-02 09:48:00,0,[],
2025-05-02 09:49:00,0,[],
2025-05-02 09:50:00,0,[],
2025-05-02 09:51:00,0,[],
2025-05-02 09:52:00,0,[],
2025-05-02 09:53:00,0,[],
2025-05-02 09:54:00,0,[],
2025-05-02 09:55:00,0,[],
2025-05-02 09:57:00,0,[],
2025-05-02 10:00:00,0,[],
2025-05-02 10:01:00,0,[],
2025-05-02 10:06:00,0,[],
2025-05-02 10:07:00,2,"['anomaly_medium_or_higher', 'anomaly_score']",Wazuh rule level 7 or above (medium/high severity); anomaly_score
2025-05-02 10:08:00,2,"['anomaly_medium_or_higher', 'anomaly_score']",Wazuh rule level 7 or above (medium/high severity); anomaly_score
2025-05-02 10:10:00,0,[],
2025-05-02 10:11:00,0,[],
2025-05-02 10:12:00,0,[],
2025-05-02 10:13:00,0,[],
2025-05-02 10:14:00,0,[],
2025-05-02 10:15:00,0,[],
2025-05-02 10:16:00,4,"['anomaly_ruleid_92052', 'anomaly_score']",cmd prompt started by suspicious process [T1059.003]; anomaly_score
2025-05-02 10:17:00,0,[],
2025-05-02 10:18:00,0,[],
2025-05-02 10:19:00,0,[],
2025-05-02 10:20:00,0,[],
2025-05-02 10:22:00,0,[],
2025-05-02 10:23:00,0,[],
2025-05-02 10:24:00,0,[],
2025-05-02 10:28:00,0,[],
2025-05-02 10:30:00,0,[],
2025-05-02 10:37:00,0,[],
2025-05-02 10:40:00,0,[],
2025-05-02 10:43:00,0,[],
2025-05-02 10:44:00,0,[],
2025-05-02 10:45:00,0,[],
2025-05-02 10:52:00,4,"['anomaly_ruleid_92213', 'anomaly_medium_or_higher', 'anomaly_score']",Binary in malware-prone directory [T1105]; Wazuh rule level 7 or above (medium/high severity); anomaly_score
2025-05-02 10:54:00,0,[],
2025-05-02 11:01:00,0,[],
2025-05-02 11:02:00,0,[],
2025-05-02 11:07:00,2,"['anomaly_medium_or_higher', 'anomaly_score']",Wazuh rule level 7 or above (medium/high severity); anomaly_score
2025-05-02 11:08:00,2,"['anomaly_medium_or_higher', 'anomaly_score']",Wazuh rule level 7 or above (medium/high severity); anomaly_score
2025-05-02 11:10:00,0,[],
2025-05-02 11:11:00,0,[],
2025-05-02 11:12:00,0,[],
2025-05-02 11:13:00,0,[],
2025-05-02 11:14:00,0,[],
2025-05-02 11:15:00,0,[],
2025-05-02 11:16:00,0,[],
2025-05-02 11:17:00,4,"['anomaly_ruleid_92052', 'anomaly_score']",cmd prompt started by suspicious process [T1059.003]; anomaly_score
2025-05-02 11:18:00,0,[],
2025-05-02 11:21:00,0,[],
2025-05-02 11:22:00,0,[],
2025-05-02 11:23:00,0,[],
2025-05-02 11:24:00,0,[],
2025-05-02 11:25:00,0,[],
2025-05-02 11:26:00,0,[],
2025-05-02 11:28:00,0,[],
2025-05-02 11:30:00,0,[],
2025-05-02 11:31:00,0,[],
2025-05-02 11:32:00,0,[],
2025-05-02 11:34:00,0,[],
2025-05-02 11:35:00,0,[],
2025-05-02 11:36:00,0,[],
2025-05-02 11:37:00,0,[],
2025-05-02 11:40:00,0,[],
2025-05-02 11:41:00,0,[],
2025-05-02 11:43:00,12,"['anomaly_ntlm', 'anomaly_logonProcess', 'anomaly_ruleid_92652', 'anomaly_score']",NTLM logon (potential relay attack); Suspicious logon process (user32 or NtLmSsp); NTLM pass-the-hash login [T1550.002]; anomaly_score
2025-05-02 11:44:00,0,[],
2025-05-02 11:46:00,14,"['anomaly_ntlm', 'anomaly_logonProcess', 'anomaly_ruleid_67028', 'anomaly_ruleid_92652', 'anomaly_score']",NTLM logon (potential relay attack); Suspicious logon process (user32 or NtLmSsp); Special privileges assigned to logon [T1484]; NTLM pass-the-hash login [T1550.002]; anomaly_score
2025-05-02 11:47:00,22,"['anomaly_ntlm', 'anomaly_logonProcess', 'anomaly_ruleid_67028', 'anomaly_ruleid_92652', 'anomaly_score']",NTLM logon (potential relay attack); Suspicious logon process (user32 or NtLmSsp); Special privileges assigned to logon [T1484]; NTLM pass-the-hash login [T1550.002]; anomaly_score
2025-05-02 11:48:00,14,"['anomaly_ntlm', 'anomaly_logonProcess', 'anomaly_ruleid_67028', 'anomaly_ruleid_92652', 'anomaly_score']",NTLM logon (potential relay attack); Suspicious logon process (user32 or NtLmSsp); Special privileges assigned to logon [T1484]; NTLM pass-the-hash login [T1550.002]; anomaly_score
2025-05-02 11:49:00,14,"['anomaly_ntlm', 'anomaly_logonProcess', 'anomaly_ruleid_67028', 'anomaly_ruleid_92652', 'anomaly_score']",NTLM logon (potential relay attack); Suspicious logon process (user32 or NtLmSsp); Special privileges assigned to logon [T1484]; NTLM pass-the-hash login [T1550.002]; anomaly_score
2025-05-02 11:51:00,8,"['anomaly_ntlm', 'anomaly_logonProcess', 'anomaly_ruleid_67028', 'anomaly_ruleid_92652', 'anomaly_score']",NTLM logon (potential relay attack); Suspicious logon process (user32 or NtLmSsp); Special privileges assigned to logon [T1484]; NTLM pass-the-hash login [T1550.002]; anomaly_score
2025-05-02 11:52:00,14,"['anomaly_ntlm', 'anomaly_logonProcess', 'anomaly_ruleid_67028', 'anomaly_ruleid_92652', 'anomaly_score']",NTLM logon (potential relay attack); Suspicious logon process (user32 or NtLmSsp); Special privileges assigned to logon [T1484]; NTLM pass-the-hash login [T1550.002]; anomaly_score
2025-05-02 11:53:00,0,[],
2025-05-02 11:54:00,20,"['anomaly_ntlm', 'anomaly_logonProcess', 'anomaly_ruleid_67028', 'anomaly_ruleid_92652', 'anomaly_win_defender', 'anomaly_ruleid_62123', 'anomaly_medium_or_higher', 'anomaly_score']",NTLM logon (potential relay attack); Suspicious logon process (user32 or NtLmSsp); Special privileges assigned to logon [T1484]; NTLM pass-the-hash login [T1550.002]; Windows Defender detected Win32 threat; Defender found potentially unwanted software; Wazuh rule level 7 or above (medium/high severity); anomaly_score
2025-05-02 11:55:00,0,[],
2025-05-02 11:56:00,20,"['anomaly_ntlm', 'anomaly_logonProcess', 'anomaly_ruleid_67028', 'anomaly_ruleid_92652', 'anomaly_win_defender', 'anomaly_ruleid_62123', 'anomaly_medium_or_higher', 'anomaly_score']",NTLM logon (potential relay attack); Suspicious logon process (user32 or NtLmSsp); Special privileges assigned to logon [T1484]; NTLM pass-the-hash login [T1550.002]; Windows Defender detected Win32 threat; Defender found potentially unwanted software; Wazuh rule level 7 or above (medium/high severity); anomaly_score
2025-05-02 11:57:00,4,"['anomaly_win_defender', 'anomaly_ruleid_62124', 'anomaly_score']",Windows Defender detected Win32 threat; Defender blocked unwanted software; anomaly_score
2025-05-02 11:58:00,10,"['anomaly_ntlm', 'anomaly_logonProcess', 'anomaly_ruleid_92652', 'anomaly_score']",NTLM logon (potential relay attack); Suspicious logon process (user32 or NtLmSsp); NTLM pass-the-hash login [T1550.002]; anomaly_score
2025-05-02 11:59:00,14,"['anomaly_ntlm', 'anomaly_logonProcess', 'anomaly_ruleid_92652', 'anomaly_win_defender', 'anomaly_ruleid_62124', 'anomaly_score']",NTLM logon (potential relay attack); Suspicious logon process (user32 or NtLmSsp); NTLM pass-the-hash login [T1550.002]; Windows Defender detected Win32 threat; Defender blocked unwanted software; anomaly_score
2025-05-02 12:00:00,0,[],
2025-05-02 12:01:00,12,"['anomaly_ntlm', 'anomaly_logonProcess', 'anomaly_ruleid_92652', 'anomaly_score']",NTLM logon (potential relay attack); Suspicious logon process (user32 or NtLmSsp); NTLM pass-the-hash login [T1550.002]; anomaly_score
2025-05-02 12:02:00,14,"['anomaly_ntlm', 'anomaly_logonProcess', 'anomaly_ruleid_67028', 'anomaly_ruleid_92652', 'anomaly_score']",NTLM logon (potential relay attack); Suspicious logon process (user32 or NtLmSsp); Special privileges assigned to logon [T1484]; NTLM pass-the-hash login [T1550.002]; anomaly_score
2025-05-02 12:04:00,14,"['anomaly_ntlm', 'anomaly_logonProcess', 'anomaly_ruleid_67028', 'anomaly_ruleid_92652', 'anomaly_score']",NTLM logon (potential relay attack); Suspicious logon process (user32 or NtLmSsp); Special privileges assigned to logon [T1484]; NTLM pass-the-hash login [T1550.002]; anomaly_score
2025-05-02 12:05:00,0,[],
2025-05-02 12:07:00,2,"['anomaly_medium_or_higher', 'anomaly_score']",Wazuh rule level 7 or above (medium/high severity); anomaly_score
2025-05-02 12:08:00,2,"['anomaly_medium_or_higher', 'anomaly_score']",Wazuh rule level 7 or above (medium/high severity); anomaly_score
2025-05-02 12:09:00,0,[],
2025-05-02 12:10:00,20,"['anomaly_ntlm', 'anomaly_logonProcess', 'anomaly_ruleid_67028', 'anomaly_ruleid_92652', 'anomaly_ruleid_92213', 'anomaly_medium_or_higher', 'anomaly_score']",NTLM logon (potential relay attack); Suspicious logon process (user32 or NtLmSsp); Special privileges assigned to logon [T1484]; NTLM pass-the-hash login [T1550.002]; Binary in malware-prone directory [T1105]; Wazuh rule level 7 or above (medium/high severity); anomaly_score
2025-05-02 12:11:00,0,[],
2025-05-02 12:12:00,12,"['anomaly_ntlm', 'anomaly_logonProcess', 'anomaly_ruleid_67028', 'anomaly_ruleid_92652', 'anomaly_powershell_4104', 'anomaly_ruleid_91815', 'anomaly_score']",NTLM logon (potential relay attack); Suspicious logon process (user32 or NtLmSsp); Special privileges assigned to logon [T1484]; NTLM pass-the-hash login [T1550.002]; Suspicious PowerShell script (4104); PowerShell process discovery [T1057]; anomaly_score
2025-05-02 12:13:00,8,"['anomaly_ntlm', 'anomaly_logonProcess', 'anomaly_ruleid_67028', 'anomaly_ruleid_92652', 'anomaly_score']",NTLM logon (potential relay attack); Suspicious logon process (user32 or NtLmSsp); Special privileges assigned to logon [T1484]; NTLM pass-the-hash login [T1550.002]; anomaly_score
2025-05-02 12:14:00,8,"['anomaly_ntlm', 'anomaly_logonProcess', 'anomaly_ruleid_67028', 'anomaly_ruleid_92652', 'anomaly_score']",NTLM logon (potential relay attack); Suspicious logon process (user32 or NtLmSsp); Special privileges assigned to logon [T1484]; NTLM pass-the-hash login [T1550.002]; anomaly_score
2025-05-02 12:16:00,0,[],
2025-05-02 12:17:00,0,[],
2025-05-02 12:18:00,26,"['anomaly_ntlm', 'anomaly_logonProcess', 'anomaly_ruleid_67028', 'anomaly_ruleid_92652', 'anomaly_ruleid_92052', 'anomaly_win_defender', 'anomaly_ruleid_62123', 'anomaly_medium_or_higher', 'anomaly_score']",NTLM logon (potential relay attack); Suspicious logon process (user32 or NtLmSsp); Special privileges assigned to logon [T1484]; NTLM pass-the-hash login [T1550.002]; cmd prompt started by suspicious process [T1059.003]; Windows Defender detected Win32 threat; Defender found potentially unwanted software; Wazuh rule level 7 or above (medium/high severity); anomaly_score
2025-05-02 12:19:00,34,"['anomaly_ntlm', 'anomaly_logonProcess', 'anomaly_ruleid_67028', 'anomaly_ruleid_92652', 'anomaly_win_defender', 'anomaly_ruleid_62123', 'anomaly_medium_or_higher', 'anomaly_score']",NTLM logon (potential relay attack); Suspicious logon process (user32 or NtLmSsp); Special privileges assigned to logon [T1484]; NTLM pass-the-hash login [T1550.002]; Windows Defender detected Win32 threat; Defender found potentially unwanted software; Wazuh rule level 7 or above (medium/high severity); anomaly_score
2025-05-02 12:20:00,8,"['anomaly_ntlm', 'anomaly_logonProcess', 'anomaly_ruleid_67028', 'anomaly_ruleid_92652', 'anomaly_score']",NTLM logon (potential relay attack); Suspicious logon process (user32 or NtLmSsp); Special privileges assigned to logon [T1484]; NTLM pass-the-hash login [T1550.002]; anomaly_score
2025-05-02 12:22:00,10,"['anomaly_win_defender', 'anomaly_ruleid_62123', 'anomaly_ruleid_62124', 'anomaly_medium_or_higher', 'anomaly_score']",Windows Defender detected Win32 threat; Defender found potentially unwanted software; Defender blocked unwanted software; Wazuh rule level 7 or above (medium/high severity); anomaly_score
2025-05-02 12:23:00,8,"['anomaly_ntlm', 'anomaly_logonProcess', 'anomaly_ruleid_67028', 'anomaly_ruleid_92652', 'anomaly_score']",NTLM logon (potential relay attack); Suspicious logon process (user32 or NtLmSsp); Special privileges assigned to logon [T1484]; NTLM pass-the-hash login [T1550.002]; anomaly_score
2025-05-02 12:24:00,38,"['anomaly_ntlm', 'anomaly_logonProcess', 'anomaly_ruleid_67028', 'anomaly_ruleid_92652', 'anomaly_ruleid_100206', 'anomaly_win_defender', 'anomaly_ruleid_62123', 'anomaly_ruleid_62124', 'anomaly_medium_or_higher', 'anomaly_score']",NTLM logon (potential relay attack); Suspicious logon process (user32 or NtLmSsp); Special privileges assigned to logon [T1484]; NTLM pass-the-hash login [T1550.002]; Webrequest download cradle [T1059.001]; Windows Defender detected Win32 threat; Defender found potentially unwanted software; Defender blocked unwanted software; Wazuh rule level 7 or above (medium/high severity); anomaly_score
2025-05-02 12:25:00,116,"['anomaly_ntlm', 'anomaly_logonProcess', 'anomaly_ruleid_67028', 'anomaly_ruleid_92652', 'anomaly_powershell_4104', 'anomaly_ruleid_91811', 'anomaly_ruleid_92207', 'anomaly_medium_or_higher', 'anomaly_score']",NTLM logon (potential relay attack); Suspicious logon process (user32 or NtLmSsp); Special privileges assigned to logon [T1484]; NTLM pass-the-hash login [T1550.002]; Suspicious PowerShell script (4104); PowerShell Expand-Archive run [T1105]; Binary dropped in Users\Public; Wazuh rule level 7 or above (medium/high severity); anomaly_score
2025-05-02 12:26:00,8,"['anomaly_ntlm', 'anomaly_logonProcess', 'anomaly_ruleid_67028', 'anomaly_ruleid_92652', 'anomaly_score']",NTLM logon (potential relay attack); Suspicious logon process (user32 or NtLmSsp); Special privileges assigned to logon [T1484]; NTLM pass-the-hash login [T1550.002]; anomaly_score
2025-05-02 12:27:00,20,"['anomaly_ntlm', 'anomaly_logonProcess', 'anomaly_ruleid_67028', 'anomaly_ruleid_92652', 'anomaly_win_defender', 'anomaly_ruleid_62123', 'anomaly_medium_or_higher', 'anomaly_score']",NTLM logon (potential relay attack); Suspicious logon process (user32 or NtLmSsp); Special privileges assigned to logon [T1484]; NTLM pass-the-hash login [T1550.002]; Windows Defender detected Win32 threat; Defender found potentially unwanted software; Wazuh rule level 7 or above (medium/high severity); anomaly_score
2025-05-02 12:28:00,4,"['anomaly_win_defender', 'anomaly_ruleid_62124', 'anomaly_score']",Windows Defender detected Win32 threat; Defender blocked unwanted software; anomaly_score
2025-05-02 12:29:00,0,[],
2025-05-02 12:30:00,48,"['anomaly_ntlm', 'anomaly_logonProcess', 'anomaly_ruleid_67028', 'anomaly_ruleid_92652', 'anomaly_cmd_in_parent', 'anomaly_ruleid_92032', 'anomaly_score']",NTLM logon (potential relay attack); Suspicious logon process (user32 or NtLmSsp); Special privileges assigned to logon [T1484]; NTLM pass-the-hash login [T1550.002]; cmd.exe launched by unusual parent process; Suspicious Windows cmd shell exec [T1087/T1059.003]; anomaly_score
2025-05-02 12:31:00,4,"['anomaly_cmd_in_parent', 'anomaly_ruleid_92032', 'anomaly_score']",cmd.exe launched by unusual parent process; Suspicious Windows cmd shell exec [T1087/T1059.003]; anomaly_score
2025-05-02 12:33:00,8,"['anomaly_ntlm', 'anomaly_logonProcess', 'anomaly_ruleid_67028', 'anomaly_ruleid_92652', 'anomaly_score']",NTLM logon (potential relay attack); Suspicious logon process (user32 or NtLmSsp); Special privileges assigned to logon [T1484]; NTLM pass-the-hash login [T1550.002]; anomaly_score
2025-05-02 12:34:00,12,"['anomaly_ntlm', 'anomaly_logonProcess', 'anomaly_ruleid_67028', 'anomaly_ruleid_92652', 'anomaly_powershell_4104', 'anomaly_ruleid_91816', 'anomaly_score']",NTLM logon (potential relay attack); Suspicious logon process (user32 or NtLmSsp); Special privileges assigned to logon [T1484]; NTLM pass-the-hash login [T1550.002]; Suspicious PowerShell script (4104); PowerShell queries env variables [T1082]; anomaly_score
2025-05-02 12:35:00,18,"['anomaly_ntlm', 'anomaly_logonProcess', 'anomaly_ruleid_67028', 'anomaly_ruleid_92652', 'anomaly_ruleid_60635', 'anomaly_score']",NTLM logon (potential relay attack); Suspicious logon process (user32 or NtLmSsp); Special privileges assigned to logon [T1484]; NTLM pass-the-hash login [T1550.002]; Windows installer reconfigured product; anomaly_score
2025-05-02 12:36:00,12,"['anomaly_ntlm', 'anomaly_logonProcess', 'anomaly_ruleid_67028', 'anomaly_ruleid_92652', 'anomaly_powershell_4104', 'anomaly_ruleid_91816', 'anomaly_score']",NTLM logon (potential relay attack); Suspicious logon process (user32 or NtLmSsp); Special privileges assigned to logon [T1484]; NTLM pass-the-hash login [T1550.002]; Suspicious PowerShell script (4104); PowerShell queries env variables [T1082]; anomaly_score
2025-05-02 12:37:00,12,"['anomaly_ntlm', 'anomaly_logonProcess', 'anomaly_ruleid_67028', 'anomaly_ruleid_92652', 'anomaly_powershell_4104', 'anomaly_ruleid_91816', 'anomaly_score']",NTLM logon (potential relay attack); Suspicious logon process (user32 or NtLmSsp); Special privileges assigned to logon [T1484]; NTLM pass-the-hash login [T1550.002]; Suspicious PowerShell script (4104); PowerShell queries env variables [T1082]; anomaly_score
2025-05-02 12:39:00,16,"['anomaly_ntlm', 'anomaly_logonProcess', 'anomaly_ruleid_67028', 'anomaly_ruleid_92652', 'anomaly_powershell_4104', 'anomaly_ruleid_91816', 'anomaly_score']",NTLM logon (potential relay attack); Suspicious logon process (user32 or NtLmSsp); Special privileges assigned to logon [T1484]; NTLM pass-the-hash login [T1550.002]; Suspicious PowerShell script (4104); PowerShell queries env variables [T1082]; anomaly_score
2025-05-02 12:41:00,8,"['anomaly_ntlm', 'anomaly_logonProcess', 'anomaly_ruleid_67028', 'anomaly_ruleid_92652', 'anomaly_score']",NTLM logon (potential relay attack); Suspicious logon process (user32 or NtLmSsp); Special privileges assigned to logon [T1484]; NTLM pass-the-hash login [T1550.002]; anomaly_score
2025-05-02 12:42:00,8,"['anomaly_ntlm', 'anomaly_logonProcess', 'anomaly_ruleid_67028', 'anomaly_ruleid_92652', 'anomaly_score']",NTLM logon (potential relay attack); Suspicious logon process (user32 or NtLmSsp); Special privileges assigned to logon [T1484]; NTLM pass-the-hash login [T1550.002]; anomaly_score
2025-05-02 12:43:00,22,"['anomaly_ntlm', 'anomaly_logonProcess', 'anomaly_ruleid_67028', 'anomaly_ruleid_92037', 'anomaly_ruleid_92652', 'anomaly_powershell_4104', 'anomaly_ruleid_91816', 'anomaly_score']",NTLM logon (potential relay attack); Suspicious logon process (user32 or NtLmSsp); Special privileges assigned to logon [T1484]; Remote net.exe run via wsmprovhost [T1567]; NTLM pass-the-hash login [T1550.002]; Suspicious PowerShell script (4104); PowerShell queries env variables [T1082]; anomaly_score
2025-05-02 12:44:00,0,[],
2025-05-02 12:46:00,0,[],
2025-05-02 12:47:00,0,[],
2025-05-02 12:48:00,12,"['anomaly_ntlm', 'anomaly_logonProcess', 'anomaly_ruleid_67028', 'anomaly_ruleid_92652', 'anomaly_powershell_4104', 'anomaly_ruleid_91816', 'anomaly_score']",NTLM logon (potential relay attack); Suspicious logon process (user32 or NtLmSsp); Special privileges assigned to logon [T1484]; NTLM pass-the-hash login [T1550.002]; Suspicious PowerShell script (4104); PowerShell queries env variables [T1082]; anomaly_score
2025-05-02 12:49:00,12,"['anomaly_powershell_4104', 'anomaly_ruleid_91816', 'anomaly_score']",Suspicious PowerShell script (4104); PowerShell queries env variables [T1082]; anomaly_score
2025-05-02 12:50:00,12,"['anomaly_ntlm', 'anomaly_logonProcess', 'anomaly_ruleid_67028', 'anomaly_ruleid_92652', 'anomaly_powershell_4104', 'anomaly_ruleid_91816', 'anomaly_score']",NTLM logon (potential relay attack); Suspicious logon process (user32 or NtLmSsp); Special privileges assigned to logon [T1484]; NTLM pass-the-hash login [T1550.002]; Suspicious PowerShell script (4104); PowerShell queries env variables [T1082]; anomaly_score
2025-05-02 12:51:00,10,"['anomaly_ntlm', 'anomaly_logonProcess', 'anomaly_ruleid_67028', 'anomaly_ruleid_92037', 'anomaly_ruleid_92652', 'anomaly_score']",NTLM logon (potential relay attack); Suspicious logon process (user32 or NtLmSsp); Special privileges assigned to logon [T1484]; Remote net.exe run via wsmprovhost [T1567]; NTLM pass-the-hash login [T1550.002]; anomaly_score
2025-05-02 12:52:00,0,[],
2025-05-02 12:54:00,0,[],
2025-05-02 12:55:00,0,[],
2025-05-02 12:56:00,0,[],
2025-05-02 12:57:00,8,"['anomaly_ntlm', 'anomaly_logonProcess', 'anomaly_ruleid_67028', 'anomaly_ruleid_92652', 'anomaly_score']",NTLM logon (potential relay attack); Suspicious logon process (user32 or NtLmSsp); Special privileges assigned to logon [T1484]; NTLM pass-the-hash login [T1550.002]; anomaly_score
2025-05-02 12:58:00,0,[],
2025-05-02 12:59:00,38,"['anomaly_ntlm', 'anomaly_logonProcess', 'anomaly_ruleid_67022', 'anomaly_ruleid_67028', 'anomaly_ruleid_92653', 'anomaly_ruleid_92657', 'anomaly_medium_or_higher', 'anomaly_ruleid_60776', 'anomaly_score']",NTLM logon (potential relay attack); Suspicious logon process (user32 or NtLmSsp); Non-network/service logon detected; Special privileges assigned to logon [T1484]; RDP connection detected [T1021.001]; NTLM or RDP remote logon [T1550.002 / T1078.002]; Wazuh rule level 7 or above (medium/high severity); TrustedInstaller failure; anomaly_score
2025-05-02 13:00:00,8,"['anomaly_ruleid_67022', 'anomaly_ruleid_67028', 'anomaly_score']",Non-network/service logon detected; Special privileges assigned to logon [T1484]; anomaly_score
2025-05-02 13:02:00,0,[],
2025-05-02 13:05:00,0,[],
2025-05-02 13:06:00,0,[],
2025-05-02 13:07:00,8,"['anomaly_logonProcess', 'anomaly_ruleid_67028', 'anomaly_medium_or_higher', 'anomaly_score']",Suspicious logon process (user32 or NtLmSsp); Special privileges assigned to logon [T1484]; Wazuh rule level 7 or above (medium/high severity); anomaly_score
2025-05-02 13:08:00,2,"['anomaly_medium_or_higher', 'anomaly_score']",Wazuh rule level 7 or above (medium/high severity); anomaly_score
2025-05-02 13:09:00,0,[],
2025-05-02 13:10:00,0,[],
2025-05-02 13:11:00,0,[],
2025-05-02 13:12:00,0,[],
2025-05-02 13:13:00,0,[],
2025-05-02 13:14:00,0,[],
2025-05-02 13:15:00,46,"['anomaly_ntlm', 'anomaly_logonProcess', 'anomaly_ruleid_67022', 'anomaly_ruleid_67028', 'anomaly_ruleid_92653', 'anomaly_ruleid_92657', 'anomaly_medium_or_higher', 'anomaly_ruleid_60776', 'anomaly_score']",NTLM logon (potential relay attack); Suspicious logon process (user32 or NtLmSsp); Non-network/service logon detected; Special privileges assigned to logon [T1484]; RDP connection detected [T1021.001]; NTLM or RDP remote logon [T1550.002 / T1078.002]; Wazuh rule level 7 or above (medium/high severity); TrustedInstaller failure; anomaly_score
2025-05-02 13:16:00,0,[],
2025-05-02 13:17:00,0,[],
2025-05-02 13:18:00,10,"['anomaly_logonProcess', 'anomaly_ruleid_67028', 'anomaly_ruleid_92052', 'anomaly_score']",Suspicious logon process (user32 or NtLmSsp); Special privileges assigned to logon [T1484]; cmd prompt started by suspicious process [T1059.003]; anomaly_score
2025-05-02 13:19:00,0,[],
2025-05-02 13:22:00,0,[],
2025-05-02 13:23:00,0,[],
2025-05-02 13:25:00,0,[],
2025-05-02 13:26:00,0,[],
2025-05-02 13:28:00,0,[],
2025-05-02 13:29:00,2,"['anomaly_medium_or_higher', 'anomaly_score']",Wazuh rule level 7 or above (medium/high severity); anomaly_score
2025-05-02 13:30:00,0,[],
2025-05-02 13:31:00,0,[],
2025-05-02 13:32:00,12,"['anomaly_ntlm', 'anomaly_logonProcess', 'anomaly_ruleid_67028', 'anomaly_ruleid_92652', 'anomaly_ruleid_92213', 'anomaly_medium_or_higher', 'anomaly_score']",NTLM logon (potential relay attack); Suspicious logon process (user32 or NtLmSsp); Special privileges assigned to logon [T1484]; NTLM pass-the-hash login [T1550.002]; Binary in malware-prone directory [T1105]; Wazuh rule level 7 or above (medium/high severity); anomaly_score
2025-05-02 13:33:00,46,"['anomaly_ntlm', 'anomaly_logonProcess', 'anomaly_ruleid_67022', 'anomaly_ruleid_67028', 'anomaly_ruleid_92653', 'anomaly_ruleid_92657', 'anomaly_medium_or_higher', 'anomaly_ruleid_60776', 'anomaly_score']",NTLM logon (potential relay attack); Suspicious logon process (user32 or NtLmSsp); Non-network/service logon detected; Special privileges assigned to logon [T1484]; RDP connection detected [T1021.001]; NTLM or RDP remote logon [T1550.002 / T1078.002]; Wazuh rule level 7 or above (medium/high severity); TrustedInstaller failure; anomaly_score
2025-05-02 13:34:00,0,[],
2025-05-02 13:35:00,2,"['anomaly_medium_or_higher', 'anomaly_score']",Wazuh rule level 7 or above (medium/high severity); anomaly_score
2025-05-02 13:36:00,0,[],
2025-05-02 13:37:00,6,"['anomaly_logonProcess', 'anomaly_ruleid_67028', 'anomaly_score']",Suspicious logon process (user32 or NtLmSsp); Special privileges assigned to logon [T1484]; anomaly_score
2025-05-02 13:41:00,0,[],
2025-05-02 13:42:00,0,[],
2025-05-02 13:43:00,22,"['anomaly_ntlm', 'anomaly_logonProcess', 'anomaly_ruleid_67028', 'anomaly_ruleid_92652', 'anomaly_ruleid_100206', 'anomaly_ruleid_92213', 'anomaly_medium_or_higher', 'anomaly_score']",NTLM logon (potential relay attack); Suspicious logon process (user32 or NtLmSsp); Special privileges assigned to logon [T1484]; NTLM pass-the-hash login [T1550.002]; Webrequest download cradle [T1059.001]; Binary in malware-prone directory [T1105]; Wazuh rule level 7 or above (medium/high severity); anomaly_score
2025-05-02 13:44:00,116,"['anomaly_ntlm', 'anomaly_logonProcess', 'anomaly_ruleid_67028', 'anomaly_ruleid_92652', 'anomaly_powershell_4104', 'anomaly_ruleid_91811', 'anomaly_ruleid_92207', 'anomaly_medium_or_higher', 'anomaly_score']",NTLM logon (potential relay attack); Suspicious logon process (user32 or NtLmSsp); Special privileges assigned to logon [T1484]; NTLM pass-the-hash login [T1550.002]; Suspicious PowerShell script (4104); PowerShell Expand-Archive run [T1105]; Binary dropped in Users\Public; Wazuh rule level 7 or above (medium/high severity); anomaly_score
2025-05-02 13:45:00,26,"['anomaly_ntlm', 'anomaly_logonProcess', 'anomaly_ruleid_67028', 'anomaly_ruleid_92037', 'anomaly_ruleid_92652', 'anomaly_ruleid_92657', 'anomaly_score']",NTLM logon (potential relay attack); Suspicious logon process (user32 or NtLmSsp); Special privileges assigned to logon [T1484]; Remote net.exe run via wsmprovhost [T1567]; NTLM pass-the-hash login [T1550.002]; NTLM or RDP remote logon [T1550.002 / T1078.002]; anomaly_score
2025-05-02 13:46:00,34,"['anomaly_ntlm', 'anomaly_epmap', 'anomaly_logonProcess', 'anomaly_ruleid_67024', 'anomaly_ruleid_67028', 'anomaly_ruleid_92105', 'anomaly_ruleid_92657', 'anomaly_ruleid_92052', 'anomaly_ruleid_92218', 'anomaly_ruleid_92650', 'anomaly_medium_or_higher', 'anomaly_score']",NTLM logon (potential relay attack); Suspicious RPC (epmap) connection; Suspicious logon process (user32 or NtLmSsp); Service logon from non-standard account; Special privileges assigned to logon [T1484]; Suspicious access to admin shares [T1021.002]; NTLM or RDP remote logon [T1550.002 / T1078.002]; cmd prompt started by suspicious process [T1059.003]; Binary dropped in Windows root [T1570]; New suspicious Windows service [T1021.002]; Wazuh rule level 7 or above (medium/high severity); anomaly_score
2025-05-02 13:47:00,44,"['anomaly_ntlm', 'anomaly_epmap', 'anomaly_logonProcess', 'anomaly_ruleid_67024', 'anomaly_ruleid_67028', 'anomaly_ruleid_92105', 'anomaly_ruleid_92652', 'anomaly_ruleid_92657', 'anomaly_cmd_in_parent', 'anomaly_ruleid_92032', 'anomaly_ruleid_92052', 'anomaly_ruleid_92218', 'anomaly_ruleid_92650', 'anomaly_medium_or_higher', 'anomaly_score']",NTLM logon (potential relay attack); Suspicious RPC (epmap) connection; Suspicious logon process (user32 or NtLmSsp); Service logon from non-standard account; Special privileges assigned to logon [T1484]; Suspicious access to admin shares [T1021.002]; NTLM pass-the-hash login [T1550.002]; NTLM or RDP remote logon [T1550.002 / T1078.002]; cmd.exe launched by unusual parent process; Suspicious Windows cmd shell exec [T1087/T1059.003]; cmd prompt started by suspicious process [T1059.003]; Binary dropped in Windows root [T1570]; New suspicious Windows service [T1021.002]; Wazuh rule level 7 or above (medium/high severity); anomaly_score
2025-05-02 13:48:00,30,"['anomaly_ntlm', 'anomaly_epmap', 'anomaly_logonProcess', 'anomaly_ruleid_67024', 'anomaly_ruleid_67028', 'anomaly_ruleid_92105', 'anomaly_ruleid_92652', 'anomaly_ruleid_92657', 'anomaly_ruleid_92052', 'anomaly_ruleid_92218', 'anomaly_ruleid_92650', 'anomaly_medium_or_higher', 'anomaly_score']",NTLM logon (potential relay attack); Suspicious RPC (epmap) connection; Suspicious logon process (user32 or NtLmSsp); Service logon from non-standard account; Special privileges assigned to logon [T1484]; Suspicious access to admin shares [T1021.002]; NTLM pass-the-hash login [T1550.002]; NTLM or RDP remote logon [T1550.002 / T1078.002]; cmd prompt started by suspicious process [T1059.003]; Binary dropped in Windows root [T1570]; New suspicious Windows service [T1021.002]; Wazuh rule level 7 or above (medium/high severity); anomaly_score
2025-05-02 13:49:00,8,"['anomaly_ntlm', 'anomaly_logonProcess', 'anomaly_ruleid_67028', 'anomaly_ruleid_92652', 'anomaly_score']",NTLM logon (potential relay attack); Suspicious logon process (user32 or NtLmSsp); Special privileges assigned to logon [T1484]; NTLM pass-the-hash login [T1550.002]; anomaly_score
2025-05-02 13:50:00,8,"['anomaly_ntlm', 'anomaly_logonProcess', 'anomaly_ruleid_67028', 'anomaly_ruleid_92652', 'anomaly_score']",NTLM logon (potential relay attack); Suspicious logon process (user32 or NtLmSsp); Special privileges assigned to logon [T1484]; NTLM pass-the-hash login [T1550.002]; anomaly_score
2025-05-02 13:51:00,8,"['anomaly_ntlm', 'anomaly_logonProcess', 'anomaly_ruleid_67028', 'anomaly_ruleid_92652', 'anomaly_score']",NTLM logon (potential relay attack); Suspicious logon process (user32 or NtLmSsp); Special privileges assigned to logon [T1484]; NTLM pass-the-hash login [T1550.002]; anomaly_score
2025-05-02 13:52:00,8,"['anomaly_ntlm', 'anomaly_logonProcess', 'anomaly_ruleid_67028', 'anomaly_ruleid_92652', 'anomaly_score']",NTLM logon (potential relay attack); Suspicious logon process (user32 or NtLmSsp); Special privileges assigned to logon [T1484]; NTLM pass-the-hash login [T1550.002]; anomaly_score
2025-05-02 13:53:00,18,"['anomaly_ntlm', 'anomaly_epmap', 'anomaly_logonProcess', 'anomaly_ruleid_67028', 'anomaly_ruleid_92105', 'anomaly_ruleid_92652', 'anomaly_ruleid_92657', 'anomaly_score']",NTLM logon (potential relay attack); Suspicious RPC (epmap) connection; Suspicious logon process (user32 or NtLmSsp); Special privileges assigned to logon [T1484]; Suspicious access to admin shares [T1021.002]; NTLM pass-the-hash login [T1550.002]; NTLM or RDP remote logon [T1550.002 / T1078.002]; anomaly_score
2025-05-02 13:54:00,36,"['anomaly_ntlm', 'anomaly_epmap', 'anomaly_logonProcess', 'anomaly_ruleid_67024', 'anomaly_ruleid_67028', 'anomaly_ruleid_92105', 'anomaly_ruleid_92652', 'anomaly_ruleid_92657', 'anomaly_ruleid_92052', 'anomaly_ruleid_92218', 'anomaly_ruleid_92650', 'anomaly_medium_or_higher', 'anomaly_score']",NTLM logon (potential relay attack); Suspicious RPC (epmap) connection; Suspicious logon process (user32 or NtLmSsp); Service logon from non-standard account; Special privileges assigned to logon [T1484]; Suspicious access to admin shares [T1021.002]; NTLM pass-the-hash login [T1550.002]; NTLM or RDP remote logon [T1550.002 / T1078.002]; cmd prompt started by suspicious process [T1059.003]; Binary dropped in Windows root [T1570]; New suspicious Windows service [T1021.002]; Wazuh rule level 7 or above (medium/high severity); anomaly_score
2025-05-02 13:55:00,36,"['anomaly_ntlm', 'anomaly_epmap', 'anomaly_logonProcess', 'anomaly_ruleid_67024', 'anomaly_ruleid_67028', 'anomaly_ruleid_92105', 'anomaly_ruleid_92652', 'anomaly_ruleid_92657', 'anomaly_ruleid_92052', 'anomaly_ruleid_92218', 'anomaly_ruleid_92650', 'anomaly_medium_or_higher', 'anomaly_score']",NTLM logon (potential relay attack); Suspicious RPC (epmap) connection; Suspicious logon process (user32 or NtLmSsp); Service logon from non-standard account; Special privileges assigned to logon [T1484]; Suspicious access to admin shares [T1021.002]; NTLM pass-the-hash login [T1550.002]; NTLM or RDP remote logon [T1550.002 / T1078.002]; cmd prompt started by suspicious process [T1059.003]; Binary dropped in Windows root [T1570]; New suspicious Windows service [T1021.002]; Wazuh rule level 7 or above (medium/high severity); anomaly_score
2025-05-02 13:56:00,28,"['anomaly_ntlm', 'anomaly_epmap', 'anomaly_logonProcess', 'anomaly_ruleid_67024', 'anomaly_ruleid_67028', 'anomaly_ruleid_92105', 'anomaly_ruleid_92652', 'anomaly_ruleid_92657', 'anomaly_ruleid_92218', 'anomaly_ruleid_92650', 'anomaly_medium_or_higher', 'anomaly_score']",NTLM logon (potential relay attack); Suspicious RPC (epmap) connection; Suspicious logon process (user32 or NtLmSsp); Service logon from non-standard account; Special privileges assigned to logon [T1484]; Suspicious access to admin shares [T1021.002]; NTLM pass-the-hash login [T1550.002]; NTLM or RDP remote logon [T1550.002 / T1078.002]; Binary dropped in Windows root [T1570]; New suspicious Windows service [T1021.002]; Wazuh rule level 7 or above (medium/high severity); anomaly_score
2025-05-02 13:57:00,6,"['anomaly_ruleid_92068', 'anomaly_ruleid_92213', 'anomaly_medium_or_higher', 'anomaly_score']",PSEXEC PowerShell exec [T1569.002]; Binary in malware-prone directory [T1105]; Wazuh rule level 7 or above (medium/high severity); anomaly_score
2025-05-02 13:58:00,8,"['anomaly_ntlm', 'anomaly_logonProcess', 'anomaly_ruleid_67028', 'anomaly_ruleid_92652', 'anomaly_score']",NTLM logon (potential relay attack); Suspicious logon process (user32 or NtLmSsp); Special privileges assigned to logon [T1484]; NTLM pass-the-hash login [T1550.002]; anomaly_score
2025-05-02 13:59:00,8,"['anomaly_ntlm', 'anomaly_logonProcess', 'anomaly_ruleid_67028', 'anomaly_ruleid_92652', 'anomaly_score']",NTLM logon (potential relay attack); Suspicious logon process (user32 or NtLmSsp); Special privileges assigned to logon [T1484]; NTLM pass-the-hash login [T1550.002]; anomaly_score
2025-05-02 14:00:00,8,"['anomaly_ntlm', 'anomaly_logonProcess', 'anomaly_ruleid_67028', 'anomaly_ruleid_92652', 'anomaly_score']",NTLM logon (potential relay attack); Suspicious logon process (user32 or NtLmSsp); Special privileges assigned to logon [T1484]; NTLM pass-the-hash login [T1550.002]; anomaly_score
2025-05-02 14:01:00,8,"['anomaly_ntlm', 'anomaly_logonProcess', 'anomaly_ruleid_67028', 'anomaly_ruleid_92652', 'anomaly_score']",NTLM logon (potential relay attack); Suspicious logon process (user32 or NtLmSsp); Special privileges assigned to logon [T1484]; NTLM pass-the-hash login [T1550.002]; anomaly_score
2025-05-02 14:02:00,8,"['anomaly_ntlm', 'anomaly_logonProcess', 'anomaly_ruleid_67028', 'anomaly_ruleid_92652', 'anomaly_score']",NTLM logon (potential relay attack); Suspicious logon process (user32 or NtLmSsp); Special privileges assigned to logon [T1484]; NTLM pass-the-hash login [T1550.002]; anomaly_score
2025-05-02 14:03:00,114,"['anomaly_ntlm', 'anomaly_epmap', 'anomaly_logonProcess', 'anomaly_ruleid_67028', 'anomaly_ruleid_92105', 'anomaly_ruleid_92652', 'anomaly_ruleid_92657', 'anomaly_score']",NTLM logon (potential relay attack); Suspicious RPC (epmap) connection; Suspicious logon process (user32 or NtLmSsp); Special privileges assigned to logon [T1484]; Suspicious access to admin shares [T1021.002]; NTLM pass-the-hash login [T1550.002]; NTLM or RDP remote logon [T1550.002 / T1078.002]; anomaly_score
2025-05-02 14:04:00,8,"['anomaly_ntlm', 'anomaly_logonProcess', 'anomaly_ruleid_67028', 'anomaly_ruleid_92652', 'anomaly_score']",NTLM logon (potential relay attack); Suspicious logon process (user32 or NtLmSsp); Special privileges assigned to logon [T1484]; NTLM pass-the-hash login [T1550.002]; anomaly_score
2025-05-02 14:05:00,8,"['anomaly_ntlm', 'anomaly_logonProcess', 'anomaly_ruleid_67028', 'anomaly_ruleid_92652', 'anomaly_score']",NTLM logon (potential relay attack); Suspicious logon process (user32 or NtLmSsp); Special privileges assigned to logon [T1484]; NTLM pass-the-hash login [T1550.002]; anomaly_score
2025-05-02 14:06:00,10,"['anomaly_ntlm', 'anomaly_logonProcess', 'anomaly_ruleid_67028', 'anomaly_ruleid_92037', 'anomaly_ruleid_92652', 'anomaly_score']",NTLM logon (potential relay attack); Suspicious logon process (user32 or NtLmSsp); Special privileges assigned to logon [T1484]; Remote net.exe run via wsmprovhost [T1567]; NTLM pass-the-hash login [T1550.002]; anomaly_score
2025-05-02 14:07:00,0,[],
2025-05-02 14:08:00,12,"['anomaly_ntlm', 'anomaly_logonProcess', 'anomaly_ruleid_67028', 'anomaly_ruleid_92652', 'anomaly_medium_or_higher', 'anomaly_score']",NTLM logon (potential relay attack); Suspicious logon process (user32 or NtLmSsp); Special privileges assigned to logon [T1484]; NTLM pass-the-hash login [T1550.002]; Wazuh rule level 7 or above (medium/high severity); anomaly_score
2025-05-02 14:09:00,8,"['anomaly_ntlm', 'anomaly_logonProcess', 'anomaly_ruleid_67028', 'anomaly_ruleid_92652', 'anomaly_score']",NTLM logon (potential relay attack); Suspicious logon process (user32 or NtLmSsp); Special privileges assigned to logon [T1484]; NTLM pass-the-hash login [T1550.002]; anomaly_score
2025-05-02 14:10:00,16,"['anomaly_ntlm', 'anomaly_logonProcess', 'anomaly_ruleid_67028', 'anomaly_ruleid_92652', 'anomaly_score']",NTLM logon (potential relay attack); Suspicious logon process (user32 or NtLmSsp); Special privileges assigned to logon [T1484]; NTLM pass-the-hash login [T1550.002]; anomaly_score
2025-05-02 14:11:00,18,"['anomaly_ntlm', 'anomaly_logonProcess', 'anomaly_ruleid_67028', 'anomaly_ruleid_92037', 'anomaly_ruleid_92652', 'anomaly_score']",NTLM logon (potential relay attack); Suspicious logon process (user32 or NtLmSsp); Special privileges assigned to logon [T1484]; Remote net.exe run via wsmprovhost [T1567]; NTLM pass-the-hash login [T1550.002]; anomaly_score
2025-05-02 14:12:00,16,"['anomaly_ntlm', 'anomaly_logonProcess', 'anomaly_ruleid_67028', 'anomaly_ruleid_92652', 'anomaly_score']",NTLM logon (potential relay attack); Suspicious logon process (user32 or NtLmSsp); Special privileges assigned to logon [T1484]; NTLM pass-the-hash login [T1550.002]; anomaly_score
2025-05-02 14:13:00,34,"['anomaly_ntlm', 'anomaly_epmap', 'anomaly_logonProcess', 'anomaly_ruleid_67024', 'anomaly_ruleid_67028', 'anomaly_ruleid_92105', 'anomaly_ruleid_92652', 'anomaly_ruleid_92657', 'anomaly_ruleid_92021', 'anomaly_ruleid_92213', 'anomaly_ruleid_92218', 'anomaly_ruleid_92650', 'anomaly_medium_or_higher', 'anomaly_score']",NTLM logon (potential relay attack); Suspicious RPC (epmap) connection; Suspicious logon process (user32 or NtLmSsp); Service logon from non-standard account; Special privileges assigned to logon [T1484]; Suspicious access to admin shares [T1021.002]; NTLM pass-the-hash login [T1550.002]; NTLM or RDP remote logon [T1550.002 / T1078.002]; PowerShell deletes files [T1070.004]; Binary in malware-prone directory [T1105]; Binary dropped in Windows root [T1570]; New suspicious Windows service [T1021.002]; Wazuh rule level 7 or above (medium/high severity); anomaly_score
2025-05-02 14:14:00,14,"['anomaly_ntlm', 'anomaly_logonProcess', 'anomaly_ruleid_67028', 'anomaly_ruleid_92652', 'anomaly_ruleid_92657', 'anomaly_score']",NTLM logon (potential relay attack); Suspicious logon process (user32 or NtLmSsp); Special privileges assigned to logon [T1484]; NTLM pass-the-hash login [T1550.002]; NTLM or RDP remote logon [T1550.002 / T1078.002]; anomaly_score
2025-05-02 14:17:00,8,"['anomaly_ntlm', 'anomaly_logonProcess', 'anomaly_ruleid_67028', 'anomaly_ruleid_92652', 'anomaly_score']",NTLM logon (potential relay attack); Suspicious logon process (user32 or NtLmSsp); Special privileges assigned to logon [T1484]; NTLM pass-the-hash login [T1550.002]; anomaly_score
2025-05-02 14:18:00,0,[],
2025-05-02 14:19:00,4,"['anomaly_ruleid_92052', 'anomaly_score']",cmd prompt started by suspicious process [T1059.003]; anomaly_score
2025-05-02 14:22:00,0,[],
2025-05-02 14:23:00,0,[],
2025-05-02 14:24:00,16,"['anomaly_ntlm', 'anomaly_logonProcess', 'anomaly_ruleid_67028', 'anomaly_ruleid_92657', 'anomaly_score']",NTLM logon (potential relay attack); Suspicious logon process (user32 or NtLmSsp); Special privileges assigned to logon [T1484]; NTLM or RDP remote logon [T1550.002 / T1078.002]; anomaly_score
2025-05-02 14:25:00,32,"['anomaly_logonProcess', 'anomaly_ruleid_67022', 'anomaly_ruleid_67028', 'anomaly_ruleid_92653', 'anomaly_medium_or_higher', 'anomaly_score']",Suspicious logon process (user32 or NtLmSsp); Non-network/service logon detected; Special privileges assigned to logon [T1484]; RDP connection detected [T1021.001]; Wazuh rule level 7 or above (medium/high severity); anomaly_score
2025-05-02 14:26:00,0,[],
2025-05-02 14:27:00,0,[],
2025-05-02 14:28:00,0,[],
2025-05-02 14:29:00,0,[],
2025-05-02 14:30:00,0,[],
2025-05-02 14:31:00,0,[],
2025-05-02 14:32:00,0,[],
2025-05-02 14:33:00,0,[],
2025-05-02 14:35:00,2,"['anomaly_medium_or_higher', 'anomaly_score']",Wazuh rule level 7 or above (medium/high severity); anomaly_score
2025-05-02 14:37:00,0,[],
2025-05-02 14:38:00,0,[],
2025-05-02 14:39:00,0,[],
2025-05-02 14:41:00,2,"['anomaly_medium_or_higher', 'anomaly_score']",Wazuh rule level 7 or above (medium/high severity); anomaly_score
2025-05-02 14:43:00,0,[],
2025-05-02 14:45:00,0,[],
2025-05-02 14:47:00,0,[],
2025-05-02 14:49:00,0,[],
2025-05-02 14:50:00,0,[],
2025-05-02 14:52:00,0,[],
2025-05-02 14:54:00,0,[],
2025-05-02 14:58:00,0,[],
2025-05-02 15:00:00,0,[],
2025-05-02 15:02:00,0,[],
2025-05-02 15:03:00,0,[],
2025-05-02 15:05:00,2,"['anomaly_medium_or_higher', 'anomaly_score']",Wazuh rule level 7 or above (medium/high severity); anomaly_score
2025-05-02 15:07:00,0,[],
2025-05-02 15:08:00,4,"['anomaly_medium_or_higher', 'anomaly_score']",Wazuh rule level 7 or above (medium/high severity); anomaly_score
2025-05-02 15:09:00,0,[],
2025-05-02 15:10:00,0,[],
2025-05-02 15:11:00,2,"['anomaly_medium_or_higher', 'anomaly_score']",Wazuh rule level 7 or above (medium/high severity); anomaly_score
2025-05-02 15:12:00,0,[],
2025-05-02 15:13:00,0,[],
2025-05-02 15:14:00,0,[],
2025-05-02 15:17:00,0,[],
2025-05-02 15:18:00,0,[],
2025-05-02 15:19:00,0,[],
2025-05-02 15:20:00,4,"['anomaly_ruleid_92052', 'anomaly_score']",cmd prompt started by suspicious process [T1059.003]; anomaly_score
2025-05-02 15:22:00,0,[],
2025-05-02 15:24:00,0,[],
2025-05-02 15:27:00,0,[],
2025-05-02 15:28:00,0,[],
2025-05-02 15:29:00,0,[],
2025-05-02 15:30:00,0,[],
2025-05-02 15:31:00,0,[],
2025-05-02 15:32:00,0,[],
2025-05-02 15:33:00,0,[],
2025-05-02 15:37:00,0,[],
2025-05-02 15:38:00,0,[],
2025-05-02 15:42:00,0,[],
2025-05-02 15:43:00,0,[],
2025-05-02 15:51:00,0,[],
2025-05-02 15:52:00,0,[],
2025-05-02 15:58:00,0,[],
2025-05-02 15:59:00,0,[],
2025-05-02 16:01:00,0,[],
