instance,write_anomaly_count,write_anomaly_ratio,write_ops_count,write_ops_ratio,total_packets,unique_write_targets_count,anomaly_score_0.05,anomaly_0.05,anomaly_score_0.1,anomaly_0.1,anomaly_score_0.15,anomaly_0.15,anomaly_score_0.2,anomaly_0.2,anomaly_score_0.25,anomaly_0.25,anomaly_score_0.3,anomaly_0.3,anomaly_score_0.35,anomaly_0.35,label,dominant_node
1,0,0.0,5840,0.7536456316944122,7749,,0.1250408423847697,1,0.07961601229108656,1,0.05281617917763454,1,0.03133777377281993,1,0.021045675201562586,1,0.019702622097150957,1,0.01628318290236147,1,0,
2,0,0.0,5140,0.7527826596367897,6828,,0.055519236781168324,1,0.01009440668748518,1,-0.01670542642596684,-1,-0.038183831830781445,-1,-0.04847593040203879,-1,-0.04981898350645042,-1,-0.05323842270123991,-1,0,
3,0,0.0,5830,0.7536194415718718,7736,,0.12529006606472076,1,0.07986523597103762,1,0.0530654028575856,1,0.03158699745277099,1,0.021294898881513646,1,0.019951845777102017,1,0.01653240658231253,1,0,
4,0,0.0,5720,0.7536231884057971,7590,,0.12696901260225457,1,0.08154418250857143,1,0.05474434939511941,1,0.0332659439903048,1,0.022973845419047456,1,0.021630792314635827,1,0.01821135311984634,1,0,
5,0,0.0,5400,0.7534533277521975,7167,,0.12558915142794996,1,0.08016432133426682,1,0.0533644882208148,1,0.031886082816000194,1,0.021593984244742848,1,0.02025093114033122,1,0.016831491945541732,1,0,
6,0,0.0,5900,0.7538009454452536,7827,,0.10623358902389318,1,0.06080875893021004,1,0.03400892581675802,1,0.012530520411943413,1,0.0022384218406860668,1,0.0008953687362744378,1,-0.0025240704585150486,-1,0,
7,0,0.0,5690,0.7532433148001059,7554,,0.10324902656964513,1,0.057824196475961986,1,0.031024363362509966,1,0.009545957957695361,1,-0.0007461406135619852,-1,-0.002089193717973614,-1,-0.005508632912763101,-1,0,
8,0,0.0,5840,0.7534511675912785,7751,,0.12558915142794996,1,0.08016432133426682,1,0.0533644882208148,1,0.031886082816000194,1,0.021593984244742848,1,0.02025093114033122,1,0.016831491945541732,1,0,
9,0,0.0,5760,0.7493170287498374,7687,,-0.045424830093683255,-1,-0.0908496601873664,-1,-0.11764949330081842,-1,-0.13912789870563302,-1,-0.14941999727689037,-1,-0.150763050381302,-1,-0.15418248957609149,-1,0,
10,0,0.0,5760,0.7534336167429693,7645,,0.12306072541399354,1,0.0776358953203104,1,0.05083606220685838,1,0.029357656802043774,1,0.019065558230786428,1,0.0177225051263748,1,0.014303065931585313,1,0,
11,0,0.0,5130,0.7667015393812584,6691,,0.10623358902389318,1,0.06080875893021004,1,0.03400892581675802,1,0.012530520411943413,1,0.0022384218406860668,1,0.0008953687362744378,1,-0.0025240704585150486,-1,1,
12,0,0.0,5850,0.752411575562701,7775,,0.04664583090547747,1,0.001221000811794326,1,-0.025578832301657695,-1,-0.0470572377064723,-1,-0.057349336277729646,-1,-0.058692389382141275,-1,-0.06211182857693076,-1,1,
13,18,0.0025806451612903226,5228,0.7495340501792115,6975,2.0,-0.03502010082160967,-1,-0.08044493091529281,-1,-0.10724476402874483,-1,-0.12872316943355944,-1,-0.13901526800481678,-1,-0.1403583211092284,-1,-0.1437777603040179,-1,1,"""MCDData"".""Conveyor2_Speed"""
14,15,0.001990974250066366,5655,0.7505972922750199,7534,3.0,-0.004832759611919979,-1,-0.05025758970560312,-1,-0.07705742281905514,-1,-0.09853582822386975,-1,-0.1088279267951271,-1,-0.11017097989953872,-1,-0.11359041909432821,-1,1,"""MCDData"".""Conveyor2_Speed"""
15,2,0.00026253609871357313,5692,0.747177736938829,7618,1.0,-0.045424830093683255,-1,-0.0908496601873664,-1,-0.11764949330081842,-1,-0.13912789870563302,-1,-0.14941999727689037,-1,-0.150763050381302,-1,-0.15418248957609149,-1,1,"""MCDData"".""Conveyor3_Speed"""
16,4,0.000543773790103317,5494,0.7468733007069059,7356,2.0,-0.045424830093683255,-1,-0.0908496601873664,-1,-0.11764949330081842,-1,-0.13912789870563302,-1,-0.14941999727689037,-1,-0.150763050381302,-1,-0.15418248957609149,-1,1,"""MCDData"".""Conveyor2_Speed"""
17,3,0.00039936102236421724,5613,0.7472044728434505,7512,2.0,-0.045424830093683255,-1,-0.0908496601873664,-1,-0.11764949330081842,-1,-0.13912789870563302,-1,-0.14941999727689037,-1,-0.150763050381302,-1,-0.15418248957609149,-1,1,"""MCDData"".""Conveyor3_Speed"""
18,30,0.00482392667631452,4630,0.7444926837112076,6219,3.0,-0.045424830093683255,-1,-0.0908496601873664,-1,-0.11764949330081842,-1,-0.13912789870563302,-1,-0.14941999727689037,-1,-0.150763050381302,-1,-0.15418248957609149,-1,1,"""MCDData"".""Conveyor2_Speed"""
19,0,0.0,4860,0.7512753130313804,6469,,0.01863293037875846,1,-0.026791899714924683,-1,-0.053591732828376704,-1,-0.07507013823319131,-1,-0.08536223680444865,-1,-0.08670528990886028,-1,-0.09012472910364977,-1,1,
20,3,0.0003956217855729922,5663,0.746802057233285,7583,2.0,-0.045424830093683255,-1,-0.0908496601873664,-1,-0.11764949330081842,-1,-0.13912789870563302,-1,-0.14941999727689037,-1,-0.150763050381302,-1,-0.15418248957609149,-1,1,"""MCDData"".""Conveyor3_Speed"""
21,10,0.0012616704516780217,5960,0.751955589200101,7926,1.0,0.03762234602122727,1,-0.007802484072455873,-1,-0.034602317185907894,-1,-0.0560807225907225,-1,-0.06637282116197984,-1,-0.06771587426639147,-1,-0.07113531346118096,-1,1,"""MCDData"".""GetBox_signal"""
22,3,0.00039719316827750565,5683,0.7524162584403549,7553,1.0,0.04664583090547747,1,0.001221000811794326,1,-0.025578832301657695,-1,-0.0470572377064723,-1,-0.057349336277729646,-1,-0.058692389382141275,-1,-0.06211182857693076,-1,1,"""MCDData"".""GetBox_signal"""
23,4,0.000526592943654555,5714,0.7522380200105319,7596,1.0,0.044669308301693356,1,-0.0007555217919897883,-1,-0.02755535490544181,-1,-0.04903376031025641,-1,-0.05932585888151376,-1,-0.06066891198592539,-1,-0.06408835118071488,-1,1,"""MCDData"".""GetBox_signal"""
24,3,0.0004551661356395084,4873,0.7393415263237748,6591,1.0,-0.045424830093683255,-1,-0.0908496601873664,-1,-0.11764949330081842,-1,-0.13912789870563302,-1,-0.14941999727689037,-1,-0.150763050381302,-1,-0.15418248957609149,-1,1,"""MCDData"".""GetBox_signal"""
25,2,0.00048426150121065375,3022,0.7317191283292979,4130,1.0,-0.045424830093683255,-1,-0.0908496601873664,-1,-0.11764949330081842,-1,-0.13912789870563302,-1,-0.14941999727689037,-1,-0.150763050381302,-1,-0.15418248957609149,-1,1,"""MCDData"".""GetBox_signal"""
26,2,0.00026164311878597594,5712,0.7472527472527473,7644,1.0,-0.045424830093683255,-1,-0.0908496601873664,-1,-0.11764949330081842,-1,-0.13912789870563302,-1,-0.14941999727689037,-1,-0.150763050381302,-1,-0.15418248957609149,-1,1,"""MCDData"".""GetBox_signal"""
27,2,0.0002619515389652914,5672,0.7428945645055665,7635,1.0,-0.045424830093683255,-1,-0.0908496601873664,-1,-0.11764949330081842,-1,-0.13912789870563302,-1,-0.14941999727689037,-1,-0.150763050381302,-1,-0.15418248957609149,-1,1,"""MCDData"".""GetBox_signal"""
28,3,0.00038226299694189603,5913,0.7534403669724771,7848,1.0,0.12558915142794996,1,0.08016432133426682,1,0.0533644882208148,1,0.031886082816000194,1,0.021593984244742848,1,0.02025093114033122,1,0.016831491945541732,1,1,"""MCDData"".""GetBox_signal"""
29,2,0.00026229508196721314,5742,0.7530491803278688,7625,1.0,0.08536384614768378,1,0.03993901605400063,1,0.01313918294054861,1,-0.008339222464265994,-1,-0.01863132103552334,-1,-0.01997437413993497,-1,-0.023393813334724456,-1,1,"""MCDData"".""GetBox_signal"""
30,4,0.0005501306560308073,5424,0.7459771695777747,7271,1.0,-0.045424830093683255,-1,-0.0908496601873664,-1,-0.11764949330081842,-1,-0.13912789870563302,-1,-0.14941999727689037,-1,-0.150763050381302,-1,-0.15418248957609149,-1,1,"""MCDData"".""GetBox_signal"""
31,4,0.0007292616226071103,4094,0.7463992707383774,5485,1.0,-0.045424830093683255,-1,-0.0908496601873664,-1,-0.11764949330081842,-1,-0.13912789870563302,-1,-0.14941999727689037,-1,-0.150763050381302,-1,-0.15418248957609149,-1,1,"""MCDData"".""Gripper_Z_Speed"""
32,8,0.0011304224954076585,5328,0.7528613819415007,7077,1.0,0.06474220963600141,1,0.01931737954231827,1,-0.007482453571133751,-1,-0.028960858975948356,-1,-0.0392529575472057,-1,-0.04059601065161733,-1,-0.04401544984640682,-1,1,"""MCDData"".""Gripper_Z_Speed"""
33,13,0.0016474464579901153,5933,0.7518692180965657,7891,1.0,0.0356123938012477,1,-0.009812436292435445,-1,-0.036612269405887465,-1,-0.05809067481070207,-1,-0.06838277338195942,-1,-0.06972582648637105,-1,-0.07314526568116053,-1,1,"""MCDData"".""Gripper_Z_Speed"""
34,17,0.0022546419098143236,5647,0.7489389920424403,7540,1.0,-0.045424830093683255,-1,-0.0908496601873664,-1,-0.11764949330081842,-1,-0.13912789870563302,-1,-0.14941999727689037,-1,-0.150763050381302,-1,-0.15418248957609149,-1,1,"""MCDData"".""Gripper_Z_Speed"""
35,6,0.0007531065645788879,5956,0.7475837831053094,7967,1.0,-0.045424830093683255,-1,-0.0908496601873664,-1,-0.11764949330081842,-1,-0.13912789870563302,-1,-0.14941999727689037,-1,-0.150763050381302,-1,-0.15418248957609149,-1,1,"""MCDData"".""Gripper_Z_Speed"""
36,2,0.0002627085248916327,5682,0.7463549192171286,7613,1.0,-0.045424830093683255,-1,-0.0908496601873664,-1,-0.11764949330081842,-1,-0.13912789870563302,-1,-0.14941999727689037,-1,-0.150763050381302,-1,-0.15418248957609149,-1,1,"""MCDData"".""Gripper_Z_Speed"""
37,3,0.00046823786483533636,4763,0.7434056500702357,6407,1.0,-0.045424830093683255,-1,-0.0908496601873664,-1,-0.11764949330081842,-1,-0.13912789870563302,-1,-0.14941999727689037,-1,-0.150763050381302,-1,-0.15418248957609149,-1,1,"""MCDData"".""Gripper_Z_Speed"""
38,17,0.0024330900243309003,5237,0.749534850436525,6987,1.0,-0.03502010082160967,-1,-0.08044493091529281,-1,-0.10724476402874483,-1,-0.12872316943355944,-1,-0.13901526800481678,-1,-0.1403583211092284,-1,-0.1437777603040179,-1,1,"""MCDData"".""Gripper_Z_Speed"""
39,20,0.0026917900403768506,5580,0.7510094212651414,7430,1.0,0.005959484573339502,1,-0.03946534552034364,-1,-0.06626517863379566,-1,-0.08774358403861027,-1,-0.09803568260986761,-1,-0.09937873571427924,-1,-0.10279817490906873,-1,1,"""MCDData"".""Gripper_Z_Speed"""
40,3,0.00039645830580150654,5613,0.7417734901546187,7567,1.0,-0.045424830093683255,-1,-0.0908496601873664,-1,-0.11764949330081842,-1,-0.13912789870563302,-1,-0.14941999727689037,-1,-0.150763050381302,-1,-0.15418248957609149,-1,1,"""MCDData"".""Gripper_Z_Speed"""
41,6,0.000784313725490196,5716,0.7471895424836601,7650,1.0,-0.045424830093683255,-1,-0.0908496601873664,-1,-0.11764949330081842,-1,-0.13912789870563302,-1,-0.14941999727689037,-1,-0.150763050381302,-1,-0.15418248957609149,-1,1,"""MCDData"".""RotatePosition"""
42,1,0.00014781966001478197,5051,0.7466371027346637,6765,1.0,-0.045424830093683255,-1,-0.0908496601873664,-1,-0.11764949330081842,-1,-0.13912789870563302,-1,-0.14941999727689037,-1,-0.150763050381302,-1,-0.15418248957609149,-1,1,"""MCDData"".""RotatePosition"""
43,6,0.0007540530350634661,5956,0.748523312806334,7957,1.0,-0.045424830093683255,-1,-0.0908496601873664,-1,-0.11764949330081842,-1,-0.13912789870563302,-1,-0.14941999727689037,-1,-0.150763050381302,-1,-0.15418248957609149,-1,1,"""MCDData"".""RotatePosition"""
44,3,0.00038870173620108835,5773,0.7479917076962944,7718,1.0,-0.045424830093683255,-1,-0.0908496601873664,-1,-0.11764949330081842,-1,-0.13912789870563302,-1,-0.14941999727689037,-1,-0.150763050381302,-1,-0.15418248957609149,-1,1,"""MCDData"".""RotatePosition"""
45,3,0.0004421518054532056,5063,0.7462048636698599,6785,1.0,-0.045424830093683255,-1,-0.0908496601873664,-1,-0.11764949330081842,-1,-0.13912789870563302,-1,-0.14941999727689037,-1,-0.150763050381302,-1,-0.15418248957609149,-1,1,"""MCDData"".""RotatePosition"""
46,4,0.0005158627805003869,5764,0.7433582667010575,7754,1.0,-0.045424830093683255,-1,-0.0908496601873664,-1,-0.11764949330081842,-1,-0.13912789870563302,-1,-0.14941999727689037,-1,-0.150763050381302,-1,-0.15418248957609149,-1,1,"""MCDData"".""RotatePosition"""
47,1,0.00013533631073216944,5521,0.7471917715523075,7389,1.0,-0.045424830093683255,-1,-0.0908496601873664,-1,-0.11764949330081842,-1,-0.13912789870563302,-1,-0.14941999727689037,-1,-0.150763050381302,-1,-0.15418248957609149,-1,1,"""MCDData"".""RotatePosition"""
48,2,0.00025510204081632655,5872,0.7489795918367347,7840,1.0,-0.045424830093683255,-1,-0.0908496601873664,-1,-0.11764949330081842,-1,-0.13912789870563302,-1,-0.14941999727689037,-1,-0.150763050381302,-1,-0.15418248957609149,-1,1,"""MCDData"".""RotatePosition"""
49,1,0.000143000143000143,5171,0.7394537394537395,6993,1.0,-0.045424830093683255,-1,-0.0908496601873664,-1,-0.11764949330081842,-1,-0.13912789870563302,-1,-0.14941999727689037,-1,-0.150763050381302,-1,-0.15418248957609149,-1,1,"""MCDData"".""RotatePosition"""
50,1,0.0001301405517959396,5751,0.7484383133784487,7684,1.0,-0.045424830093683255,-1,-0.0908496601873664,-1,-0.11764949330081842,-1,-0.13912789870563302,-1,-0.14941999727689037,-1,-0.150763050381302,-1,-0.15418248957609149,-1,1,"""MCDData"".""RotatePosition"""
51,9,0.0011890606420927466,5689,0.7516184436517374,7569,3.0,0.025377485070561256,1,-0.020047345023121887,-1,-0.04684717813657391,-1,-0.06832558354138851,-1,-0.07861768211264586,-1,-0.07996073521705749,-1,-0.08338017441184697,-1,1,"""MCDData"".""Conveyor2_Speed"""
52,15,0.002005079534821548,5615,0.7505681058681994,7481,2.0,-0.004832759611919979,-1,-0.05025758970560312,-1,-0.07705742281905514,-1,-0.09853582822386975,-1,-0.1088279267951271,-1,-0.11017097989953872,-1,-0.11359041909432821,-1,1,"""MCDData"".""Gripper_Z_Speed"""
53,36,0.004890639858714849,5496,0.7466376850971336,7361,2.0,-0.045424830093683255,-1,-0.0908496601873664,-1,-0.11764949330081842,-1,-0.13912789870563302,-1,-0.14941999727689037,-1,-0.150763050381302,-1,-0.15418248957609149,-1,1,"""MCDData"".""Gripper_Z_Speed"""
54,33,0.004327301337529505,5643,0.7399685287175453,7626,2.0,-0.045424830093683255,-1,-0.0908496601873664,-1,-0.11764949330081842,-1,-0.13912789870563302,-1,-0.14941999727689037,-1,-0.150763050381302,-1,-0.15418248957609149,-1,1,"""MCDData"".""Conveyor2_Speed"""
55,1,0.00018102824040550325,4091,0.7405865314989138,5524,1.0,-0.045424830093683255,-1,-0.0908496601873664,-1,-0.11764949330081842,-1,-0.13912789870563302,-1,-0.14941999727689037,-1,-0.150763050381302,-1,-0.15418248957609149,-1,1,"""MCDData"".""RotatePosition"""
56,3,0.0003872966692486445,5773,0.7452878905241415,7746,2.0,-0.045424830093683255,-1,-0.0908496601873664,-1,-0.11764949330081842,-1,-0.13912789870563302,-1,-0.14941999727689037,-1,-0.150763050381302,-1,-0.15418248957609149,-1,1,"""MCDData"".""Gripper_Z_Speed"""
57,5,0.0006417661404184315,5805,0.745090489025799,7791,2.0,-0.045424830093683255,-1,-0.0908496601873664,-1,-0.11764949330081842,-1,-0.13912789870563302,-1,-0.14941999727689037,-1,-0.150763050381302,-1,-0.15418248957609149,-1,1,"""MCDData"".""GetBox_signal"""
58,6,0.0008156606851549756,5526,0.7512234910277324,7356,2.0,0.01863293037875846,1,-0.026791899714924683,-1,-0.053591732828376704,-1,-0.07507013823319131,-1,-0.08536223680444865,-1,-0.08670528990886028,-1,-0.09012472910364977,-1,1,"""MCDData"".""Conveyor3_Speed"""
59,20,0.0026852846401718583,5580,0.7491944146079484,7448,2.0,-0.045424830093683255,-1,-0.0908496601873664,-1,-0.11764949330081842,-1,-0.13912789870563302,-1,-0.14941999727689037,-1,-0.150763050381302,-1,-0.15418248957609149,-1,1,"""MCDData"".""Gripper_Z_Speed"""
60,0,0.0,5960,0.7496855345911949,7950,,-0.03502010082160967,-1,-0.08044493091529281,-1,-0.10724476402874483,-1,-0.12872316943355944,-1,-0.13901526800481678,-1,-0.1403583211092284,-1,-0.1437777603040179,-1,1,
