ts,write_anomaly_count,write_anomaly_ratio,write_ops_count,write_ops_ratio,total_packets,anomaly_score_0.25,anomaly_0.25
2025-05-02 09:33:00+01:00,0,0.0,257,0.23534798534798534,1092,-0.007074588986084596,-1
2025-05-02 09:34:00+01:00,0,0.0,570,0.234375,2432,0.015944090152130608,1
2025-05-02 09:35:00+01:00,0,0.0,55,0.12168141592920353,452,-0.2826450281123689,-1
2025-05-02 09:36:00+01:00,0,0.0,491,0.2223731884057971,2208,-0.2826450281123689,-1
2025-05-02 09:37:00+01:00,0,0.0,557,0.23423044575273338,2378,0.14682341935684484,1
2025-05-02 09:38:00+01:00,0,0.0,551,0.23387096774193547,2356,0.02122376695825401,1
2025-05-02 09:39:00+01:00,0,0.0,556,0.23410526315789473,2375,0.15154446083036377,1
2025-05-02 09:40:00+01:00,0,0.0,574,0.23457294646505925,2447,-0.007074588986084596,-1
2025-05-02 09:41:00+01:00,0,0.0,575,0.23450244698205547,2452,-0.007074588986084596,-1
2025-05-02 09:42:00+01:00,0,0.0,526,0.23336291038154391,2254,-0.08379512878252604,-1
2025-05-02 09:43:00+01:00,0,0.0,547,0.2341609589041096,2336,0.1495973996049525,1
2025-05-02 09:44:00+01:00,0,0.0,579,0.23479318734793186,2466,-0.007074588986084596,-1
2025-05-02 09:45:00+01:00,0,0.0,580,0.23462783171521034,2472,-0.007074588986084596,-1
2025-05-02 09:46:00+01:00,0,0.0,591,0.2347100873709293,2518,-0.007074588986084596,-1
2025-05-02 09:47:00+01:00,0,0.0,590,0.22692307692307692,2600,-0.2826450281123689,-1
2025-05-02 09:48:00+01:00,0,0.0,554,0.22873658133773742,2422,-0.2826450281123689,-1
2025-05-02 09:49:00+01:00,0,0.0,515,0.23324275362318841,2208,-0.09619808413878161,-1
2025-05-02 09:50:00+01:00,0,0.0,520,0.2333931777378815,2228,-0.08268004588811229,-1
2025-05-02 09:51:00+01:00,0,0.0,468,0.2319127849355798,2018,-0.17615450708772418,-1
2025-05-02 09:52:00+01:00,0,0.0,499,0.23295985060690944,2142,-0.10653527164671073,-1
2025-05-02 09:53:00+01:00,0,0.0,548,0.2341880341880342,2340,0.1495109555396958,1
2025-05-02 09:54:00+01:00,0,0.0,574,0.2347648261758691,2445,-0.007074588986084596,-1
2025-05-02 09:55:00+01:00,0,0.0,536,0.23395896988214754,2291,0.07030117674090719,1
2025-05-02 09:56:00+01:00,0,0.0,541,0.2341991341991342,2310,0.14672109044687226,1
2025-05-02 09:57:00+01:00,0,0.0,549,0.2260189378344998,2429,-0.2826450281123689,-1
2025-05-02 09:58:00+01:00,0,0.0,596,0.23492313756405203,2537,-0.007074588986084596,-1
2025-05-02 09:59:00+01:00,0,0.0,596,0.23483057525610718,2538,-0.007074588986084596,-1
2025-05-02 10:00:00+01:00,0,0.0,597,0.23494687131050768,2541,-0.007074588986084596,-1
2025-05-02 10:01:00+01:00,0,0.0,596,0.23492313756405203,2537,-0.007074588986084596,-1
2025-05-02 10:02:00+01:00,0,0.0,596,0.23483057525610718,2538,-0.007074588986084596,-1
2025-05-02 10:03:00+01:00,0,0.0,596,0.23501577287066247,2536,-0.007074588986084596,-1
2025-05-02 10:04:00+01:00,0,0.0,596,0.23492313756405203,2537,-0.007074588986084596,-1
2025-05-02 10:05:00+01:00,0,0.0,595,0.2348993288590604,2533,-0.007074588986084596,-1
2025-05-02 10:06:00+01:00,0,0.0,597,0.23503937007874015,2540,-0.007074588986084596,-1
2025-05-02 10:07:00+01:00,0,0.0,595,0.23480662983425415,2534,-0.007074588986084596,-1
2025-05-02 10:08:00+01:00,0,0.0,593,0.23494453248811412,2524,-0.007074588986084596,-1
2025-05-02 10:09:00+01:00,0,0.0,597,0.23485444531864674,2542,-0.007074588986084596,-1
2025-05-02 10:10:00+01:00,0,0.0,597,0.23503937007874015,2540,-0.007074588986084596,-1
2025-05-02 10:11:00+01:00,0,0.0,597,0.23503937007874015,2540,-0.007074588986084596,-1
2025-05-02 10:12:00+01:00,0,0.0,577,0.23474369406021156,2458,-0.007074588986084596,-1
2025-05-02 10:13:00+01:00,0,0.0,594,0.2263719512195122,2624,-0.2826450281123689,-1
2025-05-02 10:14:00+01:00,0,0.0,590,0.23246650906225375,2538,-0.1349570352213464,-1
2025-05-02 10:15:00+01:00,0,0.0,589,0.2346613545816733,2510,-0.007074588986084596,-1
2025-05-02 10:16:00+01:00,0,0.0,594,0.23459715639810427,2532,-0.007074588986084596,-1
2025-05-02 10:17:00+01:00,0,0.0,596,0.23501577287066247,2536,-0.007074588986084596,-1
2025-05-02 10:18:00+01:00,0,0.0,597,0.23485444531864674,2542,-0.007074588986084596,-1
2025-05-02 10:19:00+01:00,0,0.0,596,0.23501577287066247,2536,-0.007074588986084596,-1
2025-05-02 10:20:00+01:00,0,0.0,597,0.23485444531864674,2542,-0.007074588986084596,-1
2025-05-02 10:21:00+01:00,0,0.0,597,0.23503937007874015,2540,-0.007074588986084596,-1
2025-05-02 10:22:00+01:00,0,0.0,597,0.23485444531864674,2542,-0.007074588986084596,-1
2025-05-02 10:23:00+01:00,0,0.0,593,0.23494453248811412,2524,-0.007074588986084596,-1
2025-05-02 10:24:00+01:00,0,0.0,596,0.23501577287066247,2536,-0.007074588986084596,-1
2025-05-02 10:25:00+01:00,0,0.0,596,0.23483057525610718,2538,-0.007074588986084596,-1
2025-05-02 10:26:00+01:00,0,0.0,597,0.23503937007874015,2540,-0.007074588986084596,-1
2025-05-02 10:27:00+01:00,0,0.0,597,0.23485444531864674,2542,-0.007074588986084596,-1
2025-05-02 10:28:00+01:00,0,0.0,593,0.23513084853291039,2522,-0.007074588986084596,-1
2025-05-02 10:29:00+01:00,0,0.0,595,0.23388364779874213,2544,0.04001455178700963,1
2025-05-02 10:30:00+01:00,0,0.0,596,0.22473604826546004,2652,-0.2826450281123689,-1
2025-05-02 10:31:00+01:00,0,0.0,597,0.23485444531864674,2542,-0.007074588986084596,-1
2025-05-02 10:32:00+01:00,0,0.0,597,0.23503937007874015,2540,-0.007074588986084596,-1
2025-05-02 10:33:00+01:00,0,0.0,597,0.23485444531864674,2542,-0.007074588986084596,-1
2025-05-02 10:34:00+01:00,0,0.0,596,0.23501577287066247,2536,-0.007074588986084596,-1
2025-05-02 10:35:00+01:00,0,0.0,597,0.23485444531864674,2542,-0.007074588986084596,-1
2025-05-02 10:36:00+01:00,0,0.0,588,0.23482428115015974,2504,-0.007074588986084596,-1
2025-05-02 10:37:00+01:00,0,0.0,596,0.23501577287066247,2536,-0.007074588986084596,-1
2025-05-02 10:38:00+01:00,0,0.0,596,0.23483057525610718,2538,-0.007074588986084596,-1
2025-05-02 10:39:00+01:00,0,0.0,597,0.23485444531864674,2542,-0.007074588986084596,-1
2025-05-02 10:40:00+01:00,0,0.0,595,0.23499210110584517,2532,-0.007074588986084596,-1
2025-05-02 10:41:00+01:00,0,0.0,597,0.23485444531864674,2542,-0.007074588986084596,-1
2025-05-02 10:42:00+01:00,0,0.0,597,0.23503937007874015,2540,-0.007074588986084596,-1
2025-05-02 10:43:00+01:00,0,0.0,597,0.23531730390224675,2537,-0.007074588986084596,-1
2025-05-02 10:44:00+01:00,0,0.0,594,0.23450454007106197,2533,-0.007074588986084596,-1
2025-05-02 10:45:00+01:00,0,0.0,597,0.23503937007874015,2540,-0.007074588986084596,-1
2025-05-02 10:46:00+01:00,0,0.0,597,0.23485444531864674,2542,-0.007074588986084596,-1
2025-05-02 10:47:00+01:00,0,0.0,597,0.23503937007874015,2540,-0.007074588986084596,-1
2025-05-02 10:48:00+01:00,0,0.0,580,0.22745098039215686,2550,-0.2826450281123689,-1
2025-05-02 10:49:00+01:00,0,0.0,596,0.23335943617854346,2554,-0.08379512878252604,-1
2025-05-02 10:50:00+01:00,0,0.0,597,0.23503937007874015,2540,-0.007074588986084596,-1
2025-05-02 10:51:00+01:00,0,0.0,597,0.23485444531864674,2542,-0.007074588986084596,-1
2025-05-02 10:52:00+01:00,0,0.0,592,0.23492063492063492,2520,-0.007074588986084596,-1
2025-05-02 10:53:00+01:00,0,0.0,596,0.23501577287066247,2536,-0.007074588986084596,-1
2025-05-02 10:54:00+01:00,0,0.0,597,0.23485444531864674,2542,-0.007074588986084596,-1
2025-05-02 10:55:00+01:00,0,0.0,596,0.23501577287066247,2536,-0.007074588986084596,-1
2025-05-02 10:56:00+01:00,0,0.0,597,0.23485444531864674,2542,-0.007074588986084596,-1
2025-05-02 10:57:00+01:00,0,0.0,596,0.23501577287066247,2536,-0.007074588986084596,-1
2025-05-02 10:58:00+01:00,0,0.0,596,0.23501577287066247,2536,-0.007074588986084596,-1
2025-05-02 10:59:00+01:00,0,0.0,597,0.23522458628841608,2538,-0.007074588986084596,-1
2025-05-02 11:00:00+01:00,0,0.0,596,0.23501577287066247,2536,-0.007074588986084596,-1
2025-05-02 11:01:00+01:00,0,0.0,596,0.23492313756405203,2537,-0.007074588986084596,-1
2025-05-02 11:02:00+01:00,0,0.0,596,0.23473808586057504,2539,-0.007074588986084596,-1
2025-05-02 11:03:00+01:00,0,0.0,597,0.23485444531864674,2542,-0.007074588986084596,-1
2025-05-02 11:04:00+01:00,0,0.0,596,0.23483057525610718,2538,-0.007074588986084596,-1
2025-05-02 11:05:00+01:00,0,0.0,597,0.23503937007874015,2540,-0.007074588986084596,-1
2025-05-02 11:06:00+01:00,0,0.0,597,0.23485444531864674,2542,-0.007074588986084596,-1
2025-05-02 11:07:00+01:00,0,0.0,597,0.23302107728337237,2562,-0.10422323044425585,-1
2025-05-02 11:08:00+01:00,0,0.0,596,0.2310077519379845,2580,-0.23096801514614684,-1
2025-05-02 11:09:00+01:00,0,0.0,593,0.23475851148060173,2526,-0.007074588986084596,-1
2025-05-02 11:10:00+01:00,0,0.0,597,0.23503937007874015,2540,-0.007074588986084596,-1
2025-05-02 11:11:00+01:00,0,0.0,594,0.23478260869565218,2530,-0.007074588986084596,-1
2025-05-02 11:12:00+01:00,0,0.0,574,0.23447712418300654,2448,-0.007074588986084596,-1
2025-05-02 11:13:00+01:00,0,0.0,0,0.0,126,-0.2826450281123689,-1
2025-05-02 11:14:00+01:00,0,0.0,0,0.0,146,-0.2826450281123689,-1
2025-05-02 11:15:00+01:00,0,0.0,0,0.0,485,-0.2826450281123689,-1
2025-05-02 11:16:00+01:00,0,0.0,0,0.0,154,-0.2826450281123689,-1
2025-05-02 11:17:00+01:00,182,0.20634920634920634,182,0.20634920634920634,882,-0.2826450281123689,-1
2025-05-02 11:18:00+01:00,552,0.23429541595925296,552,0.23429541595925296,2356,0.0803876378758504,1
2025-05-02 11:19:00+01:00,556,0.23479729729729729,556,0.23479729729729729,2368,-0.007074588986084596,-1
2025-05-02 11:20:00+01:00,176,0.20465116279069767,176,0.20465116279069767,860,-0.2826450281123689,-1
2025-05-02 11:21:00+01:00,116,0.19205298013245034,116,0.19205298013245034,604,-0.2826450281123689,-1
2025-05-02 11:22:00+01:00,0,0.0,0,0.0,267,-0.2826450281123689,-1
2025-05-02 11:23:00+01:00,0,0.0,0,0.0,424,-0.2826450281123689,-1
2025-05-02 11:24:00+01:00,0,0.0,191,0.20783460282916214,919,-0.2826450281123689,-1
2025-05-02 11:25:00+01:00,0,0.0,583,0.23236349143084895,2509,-0.143487083891628,-1
2025-05-02 11:26:00+01:00,0,0.0,542,0.23402417962003455,2316,0.11571303185994825,1
2025-05-02 11:27:00+01:00,0,0.0,546,0.23413379073756432,2332,0.15082255909278863,1
2025-05-02 11:28:00+01:00,0,0.0,556,0.2345002108814846,2371,-0.007074588986084596,-1
2025-05-02 11:29:00+01:00,0,0.0,587,0.23451857770675189,2503,-0.007074588986084596,-1
2025-05-02 11:30:00+01:00,0,0.0,589,0.23484848484848486,2508,-0.007074588986084596,-1
2025-05-02 11:31:00+01:00,0,0.0,590,0.23487261146496816,2512,-0.007074588986084596,-1
2025-05-02 11:32:00+01:00,0,0.0,594,0.23496835443037975,2528,-0.007074588986084596,-1
2025-05-02 11:33:00+01:00,0,0.0,594,0.23496835443037975,2528,-0.007074588986084596,-1
2025-05-02 11:34:00+01:00,0,0.0,592,0.23492063492063492,2520,-0.007074588986084596,-1
2025-05-02 11:35:00+01:00,0,0.0,592,0.23492063492063492,2520,-0.007074588986084596,-1
2025-05-02 11:36:00+01:00,0,0.0,595,0.23499210110584517,2532,-0.007074588986084596,-1
2025-05-02 11:37:00+01:00,0,0.0,585,0.23381294964028776,2502,0.013932212856784476,1
2025-05-02 11:38:00+01:00,0,0.0,593,0.23494453248811412,2524,-0.007074588986084596,-1
2025-05-02 11:39:00+01:00,0,0.0,548,0.23398804440649018,2342,0.0924137628771638,1
2025-05-02 11:40:00+01:00,0,0.0,551,0.2342687074829932,2352,0.10338419287339218,1
2025-05-02 11:41:00+01:00,0,0.0,568,0.234420140321915,2423,-0.007074588986084596,-1
2025-05-02 11:42:00+01:00,0,0.0,549,0.23411513859275054,2345,0.15082255909278863,1
2025-05-02 11:43:00+01:00,0,0.0,541,0.2341991341991342,2310,0.14672109044687226,1
2025-05-02 11:44:00+01:00,0,0.0,522,0.2334525939177102,2236,-0.07603267184480211,-1
2025-05-02 11:45:00+01:00,0,0.0,524,0.23351158645276293,2244,-0.06837003401601571,-1
2025-05-02 11:46:00+01:00,0,0.0,507,0.23299632352941177,2176,-0.10653527164671073,-1
2025-05-02 11:47:00+01:00,0,0.0,538,0.23391304347826086,2300,0.04981125272203124,1
2025-05-02 11:48:00+01:00,0,0.0,563,0.2339983374896093,2406,0.09320334632534538,1
2025-05-02 11:49:00+01:00,0,0.0,550,0.2342419080068143,2348,0.14043874199567125,1
2025-05-02 11:50:00+01:00,0,0.0,554,0.23415046491969568,2366,0.14901391010266019,1
2025-05-02 11:51:00+01:00,0,0.0,543,0.23405172413793104,2320,0.12818296733910617,1
2025-05-02 11:52:00+01:00,0,0.0,539,0.2339409722222222,2304,0.06661659643385304,1
2025-05-02 11:53:00+01:00,0,0.0,573,0.23464373464373464,2442,-0.007074588986084596,-1
2025-05-02 11:54:00+01:00,0,0.0,526,0.23336291038154391,2254,-0.08379512878252604,-1
2025-05-02 11:55:00+01:00,0,0.0,534,0.23380035026269702,2284,0.012995925903959926,1
2025-05-02 11:56:00+01:00,0,0.0,536,0.2338568935427574,2292,0.018587768282427475,1
2025-05-02 11:57:00+01:00,0,0.0,539,0.23373807458803122,2306,-0.00029549673804241117,-1
2025-05-02 11:58:00+01:00,0,0.0,556,0.23341729638958858,2382,-0.07603267184480211,-1
2025-05-02 11:59:00+01:00,0,0.0,561,0.23433583959899748,2394,0.05242256396258799,1
2025-05-02 12:00:00+01:00,0,0.0,527,0.23359929078014185,2256,-0.04434385050207079,-1
2025-05-02 12:01:00+01:00,0,0.0,595,0.23480662983425415,2534,-0.007074588986084596,-1
2025-05-02 12:02:00+01:00,0,0.0,596,0.23501577287066247,2536,-0.007074588986084596,-1
2025-05-02 12:03:00+01:00,0,0.0,596,0.23501577287066247,2536,-0.007074588986084596,-1
2025-05-02 12:04:00+01:00,0,0.0,585,0.23475120385232745,2492,-0.007074588986084596,-1
2025-05-02 12:05:00+01:00,0,0.0,559,0.23428331936295055,2386,0.09646324368190023,1
2025-05-02 12:06:00+01:00,0,0.0,541,0.2337942955920484,2314,0.01111815055973453,1
2025-05-02 12:07:00+01:00,0,0.0,570,0.234375,2432,0.015944090152130608,1
2025-05-02 12:08:00+01:00,0,0.0,542,0.23382226056945643,2318,0.014866770266441343,1
2025-05-02 12:09:00+01:00,0,0.0,559,0.23195020746887968,2410,-0.16974975061947828,-1
2025-05-02 12:10:00+01:00,0,0.0,576,0.23471882640586797,2454,-0.007074588986084596,-1
2025-05-02 12:11:00+01:00,0,0.0,564,0.2344139650872818,2406,-0.007074588986084596,-1
2025-05-02 12:12:00+01:00,0,0.0,577,0.23474369406021156,2458,-0.007074588986084596,-1
2025-05-02 12:13:00+01:00,0,0.0,555,0.234375,2368,0.015944090152130608,1
2025-05-02 12:14:00+01:00,0,0.0,526,0.23315602836879432,2256,-0.09733818425573892,-1
2025-05-02 12:15:00+01:00,0,0.0,477,0.2326829268292683,2050,-0.12415080869766981,-1
2025-05-02 12:16:00+01:00,0,0.0,538,0.23370981754995657,2302,-0.010837238594275322,-1
2025-05-02 12:17:00+01:00,0,0.0,532,0.23364075537988582,2277,-0.032115023309289836,-1
2025-05-02 12:18:00+01:00,0,0.0,518,0.2334384858044164,2219,-0.07603267184480211,-1
2025-05-02 12:19:00+01:00,0,0.0,499,0.22931985294117646,2176,-0.2826450281123689,-1
2025-05-02 12:20:00+01:00,0,0.0,477,0.2324561403508772,2052,-0.13859925607528334,-1
2025-05-02 12:21:00+01:00,0,0.0,550,0.2342419080068143,2348,0.14043874199567125,1
2025-05-02 12:22:00+01:00,0,0.0,529,0.2336572438162544,2264,-0.024305701209180297,-1
2025-05-02 12:23:00+01:00,0,0.0,537,0.23368146214099217,2298,-0.013789074662322043,-1
2025-05-02 12:24:00+01:00,0,0.0,507,0.23299632352941177,2176,-0.10653527164671073,-1
2025-05-02 12:25:00+01:00,0,0.0,527,0.23349579087284006,2257,-0.06837003401601571,-1
2025-05-02 12:26:00+01:00,0,0.0,584,0.23482106956172094,2487,-0.007074588986084596,-1
2025-05-02 12:27:00+01:00,0,0.0,569,0.2343492586490939,2428,0.04075994712475661,1
2025-05-02 12:28:00+01:00,0,0.0,560,0.23450586264656617,2388,-0.007074588986084596,-1
2025-05-02 12:29:00+01:00,0,0.0,563,0.23054873054873054,2442,-0.2492336257876263,-1
2025-05-02 12:30:00+01:00,0,0.0,548,0.23378839590443687,2344,0.01111815055973453,1
2025-05-02 12:31:00+01:00,0,0.0,541,0.23399653979238755,2312,0.09320334632534538,1
2025-05-02 12:32:00+01:00,0,0.0,578,0.23505490036600243,2459,-0.007074588986084596,-1
2025-05-02 12:33:00+01:00,0,0.0,569,0.2342527789213668,2429,0.12248076764626181,1
2025-05-02 12:34:00+01:00,0,0.0,523,0.23327386262265834,2242,-0.09619808413878161,-1
2025-05-02 12:35:00+01:00,0,0.0,524,0.23371989295272078,2242,-0.004156668896544313,-1
2025-05-02 12:36:00+01:00,0,0.0,560,0.23460410557184752,2387,-0.007074588986084596,-1
2025-05-02 12:37:00+01:00,0,0.0,534,0.2335958005249344,2286,-0.046278754260791755,-1
2025-05-02 12:38:00+01:00,0,0.0,505,0.23282618718303366,2169,-0.11235291815847281,-1
2025-05-02 12:39:00+01:00,0,0.0,533,0.22954349698535745,2322,-0.2826450281123689,-1
2025-05-02 12:40:00+01:00,0,0.0,532,0.2339489885664028,2274,0.06661659643385304,1
2025-05-02 12:41:00+01:00,0,0.0,551,0.2342687074829932,2352,0.10338419287339218,1
2025-05-02 12:42:00+01:00,0,0.0,515,0.23345421577515865,2206,-0.07603267184480211,-1
2025-05-02 12:43:00+01:00,0,0.0,526,0.23357015985790408,2252,-0.05138006352578239,-1
2025-05-02 12:44:00+01:00,0,0.0,431,0.23122317596566525,1864,-0.20639114085253574,-1
2025-05-02 12:45:00+01:00,0,0.0,593,0.23494453248811412,2524,-0.007074588986084596,-1
2025-05-02 12:46:00+01:00,0,0.0,590,0.23487261146496816,2512,-0.007074588986084596,-1
2025-05-02 12:47:00+01:00,0,0.0,576,0.23471882640586797,2454,-0.007074588986084596,-1
2025-05-02 12:48:00+01:00,0,0.0,563,0.2343880099916736,2402,0.007373574109131864,1
2025-05-02 12:49:00+01:00,0,0.0,594,0.23478260869565218,2530,-0.007074588986084596,-1
2025-05-02 12:50:00+01:00,0,0.0,596,0.2306501547987616,2584,-0.24356660496063376,-1
2025-05-02 12:51:00+01:00,0,0.0,576,0.22966507177033493,2508,-0.2826450281123689,-1
2025-05-02 12:52:00+01:00,0,0.0,561,0.23326403326403328,2405,-0.09619808413878161,-1
2025-05-02 12:53:00+01:00,0,0.0,595,0.2345289712258573,2537,-0.007074588986084596,-1
2025-05-02 12:54:00+01:00,0,0.0,564,0.23460898502495842,2404,-0.007074588986084596,-1
2025-05-02 12:55:00+01:00,0,0.0,589,0.2346613545816733,2510,-0.007074588986084596,-1
2025-05-02 12:56:00+01:00,0,0.0,563,0.2343880099916736,2402,0.007373574109131864,1
2025-05-02 12:57:00+01:00,0,0.0,578,0.23457792207792208,2464,-0.007074588986084596,-1
2025-05-02 12:58:00+01:00,0,0.0,595,0.23517786561264822,2530,-0.007074588986084596,-1
2025-05-02 12:59:00+01:00,0,0.0,536,0.23324630113141862,2298,-0.09619808413878161,-1
2025-05-02 13:00:00+01:00,1,0.0004955401387512388,468,0.2319127849355798,2018,-0.17615450708772418,-1
2025-05-02 13:01:00+01:00,2,0.0008169934640522876,574,0.23447712418300654,2448,-0.007074588986084596,-1
2025-05-02 13:02:00+01:00,0,0.0,597,0.23485444531864674,2542,-0.007074588986084596,-1
2025-05-02 13:03:00+01:00,0,0.0,596,0.23501577287066247,2536,-0.007074588986084596,-1
2025-05-02 13:04:00+01:00,8,0.003129890453834116,601,0.23513302034428796,2556,-0.007074588986084596,-1
2025-05-02 13:05:00+01:00,4,0.001524390243902439,599,0.22827743902439024,2624,-0.2826450281123689,-1
2025-05-02 13:06:00+01:00,5,0.001941747572815534,595,0.23106796116504855,2575,-0.22819668520279335,-1
2025-05-02 13:07:00+01:00,1,0.00039635354736424893,592,0.23464130003963535,2523,-0.007074588986084596,-1
2025-05-02 13:08:00+01:00,0,0.0,556,0.234006734006734,2376,0.10236747904553134,1
2025-05-02 13:09:00+01:00,0,0.0,578,0.2347684809098294,2462,-0.007074588986084596,-1
2025-05-02 13:10:00+01:00,0,0.0,587,0.2348,2500,-0.007074588986084596,-1
2025-05-02 13:11:00+01:00,0,0.0,573,0.23445171849427168,2444,-0.007074588986084596,-1
2025-05-02 13:12:00+01:00,0,0.0,541,0.23369330453563714,2315,-0.013789074662322043,-1
2025-05-02 13:13:00+01:00,0,0.0,556,0.23430257058575643,2373,0.07613593986771888,1
2025-05-02 13:14:00+01:00,0,0.0,580,0.23462783171521034,2472,-0.007074588986084596,-1
2025-05-02 13:15:00+01:00,12,0.005110732538330494,550,0.2342419080068143,2348,0.14043874199567125,1
2025-05-02 13:16:00+01:00,11,0.00451559934318555,571,0.2344006568144499,2436,-0.007074588986084596,-1
2025-05-02 13:17:00+01:00,8,0.00315955766192733,595,0.23499210110584517,2532,-0.007074588986084596,-1
2025-05-02 13:18:00+01:00,0,0.0,542,0.2336206896551724,2320,-0.04122300136043311,-1
2025-05-02 13:19:00+01:00,0,0.0,424,0.2203742203742204,1924,-0.2826450281123689,-1
2025-05-02 13:20:00+01:00,0,0.0,513,0.23318181818181818,2200,-0.09733818425573892,-1
2025-05-02 13:21:00+01:00,0,0.0,549,0.2338160136286201,2348,0.013932212856784476,1
2025-05-02 13:22:00+01:00,0,0.0,473,0.23254670599803343,2034,-0.1325400875799655,-1
2025-05-02 13:23:00+01:00,0,0.0,579,0.2346029173419773,2468,-0.007074588986084596,-1
2025-05-02 13:24:00+01:00,0,0.0,592,0.23492063492063492,2520,-0.007074588986084596,-1
2025-05-02 13:25:00+01:00,0,0.0,581,0.23465266558966075,2476,-0.007074588986084596,-1
2025-05-02 13:26:00+01:00,0,0.0,445,0.22985537190082644,1936,-0.2826450281123689,-1
2025-05-02 13:27:00+01:00,0,0.0,233,0.21376146788990827,1090,-0.2826450281123689,-1
2025-05-02 13:28:00+01:00,0,0.0,594,0.23515439429928742,2526,-0.007074588986084596,-1
2025-05-02 13:29:00+01:00,0,0.0,594,0.23496835443037975,2528,-0.007074588986084596,-1
2025-05-02 13:30:00+01:00,0,0.0,530,0.23337736679876706,2271,-0.08379512878252604,-1
2025-05-02 13:31:00+01:00,0,0.0,522,0.2333482342422888,2237,-0.08379512878252604,-1
2025-05-02 13:32:00+01:00,0,0.0,571,0.23192526401299757,2462,-0.17615450708772418,-1
2025-05-02 13:33:00+01:00,0,0.0,538,0.22662173546756528,2374,-0.2826450281123689,-1
2025-05-02 13:34:00+01:00,4,0.0018365472910927456,507,0.2327823691460055,2178,-0.11704591431261913,-1
2025-05-02 13:35:00+01:00,0,0.0,568,0.23432343234323433,2424,0.06066504199247691,1
2025-05-02 13:36:00+01:00,13,0.005430242272347535,561,0.23433583959899748,2394,0.05242256396258799,1
2025-05-02 13:37:00+01:00,0,0.0,524,0.23309608540925267,2248,-0.09962471818971352,-1
2025-05-02 13:38:00+01:00,0,0.0,590,0.23487261146496816,2512,-0.007074588986084596,-1
2025-05-02 13:39:00+01:00,0,0.0,571,0.23449691991786448,2435,-0.007074588986084596,-1
2025-05-02 13:40:00+01:00,0,0.0,562,0.2342642767819925,2399,0.10661144177354775,1
2025-05-02 13:41:00+01:00,0,0.0,578,0.23457792207792208,2464,-0.007074588986084596,-1
2025-05-02 13:42:00+01:00,0,0.0,569,0.2345424567188788,2426,-0.007074588986084596,-1
2025-05-02 13:43:00+01:00,0,0.0,510,0.23373052245646195,2182,-0.00029549673804241117,-1
2025-05-02 13:44:00+01:00,0,0.0,512,0.22614840989399293,2264,-0.2826450281123689,-1
2025-05-02 13:45:00+01:00,0,0.0,526,0.22929380993897122,2294,-0.2826450281123689,-1
2025-05-02 13:46:00+01:00,0,0.0,526,0.23357015985790408,2252,-0.05138006352578239,-1
2025-05-02 13:47:00+01:00,0,0.0,532,0.23353819139596138,2278,-0.06295712333651549,-1
2025-05-02 13:48:00+01:00,0,0.0,520,0.2333931777378815,2228,-0.08268004588811229,-1
2025-05-02 13:49:00+01:00,0,0.0,557,0.23423044575273338,2378,0.14682341935684484,1
2025-05-02 13:50:00+01:00,0,0.0,566,0.23446561723280862,2414,-0.007074588986084596,-1
2025-05-02 13:51:00+01:00,0,0.0,571,0.2344006568144499,2436,-0.007074588986084596,-1
2025-05-02 13:52:00+01:00,0,0.0,575,0.23478971008574928,2449,-0.007074588986084596,-1
2025-05-02 13:53:00+01:00,0,0.0,554,0.2340515420363329,2367,0.12818296733910617,1
2025-05-02 13:54:00+01:00,0,0.0,552,0.22885572139303484,2412,-0.2826450281123689,-1
2025-05-02 13:55:00+01:00,0,0.0,523,0.22640692640692642,2310,-0.2826450281123689,-1
2025-05-02 13:56:00+01:00,0,0.0,568,0.23451692815854666,2422,-0.007074588986084596,-1
2025-05-02 13:57:00+01:00,0,0.0,526,0.23357015985790408,2252,-0.05138006352578239,-1
2025-05-02 13:58:00+01:00,0,0.0,499,0.23252562907735322,2146,-0.1325400875799655,-1
2025-05-02 13:59:00+01:00,0,0.0,494,0.23279924599434496,2122,-0.11235291815847281,-1
2025-05-02 14:00:00+01:00,0,0.0,494,0.23214285714285715,2128,-0.15836934646102319,-1
2025-05-02 14:01:00+01:00,0,0.0,464,0.2315369261477046,2004,-0.18914302668749827,-1
2025-05-02 14:02:00+01:00,0,0.0,499,0.23274253731343283,2144,-0.11704591431261913,-1
2025-05-02 14:03:00+01:00,5,0.0023540489642184556,494,0.23258003766478344,2124,-0.1301320610377087,-1
2025-05-02 14:04:00+01:00,0,0.0,444,0.22289156626506024,1992,-0.2826450281123689,-1
2025-05-02 14:05:00+01:00,0,0.0,410,0.21972132904608788,1866,-0.2826450281123689,-1
2025-05-02 14:06:00+01:00,0,0.0,481,0.23214285714285715,2072,-0.15836934646102319,-1
2025-05-02 14:07:00+01:00,0,0.0,456,0.23147208121827412,1970,-0.19837894160200342,-1
2025-05-02 14:08:00+01:00,0,0.0,437,0.23048523206751054,1896,-0.252082892011552,-1
2025-05-02 14:09:00+01:00,0,0.0,482,0.2321772639691715,2076,-0.15836934646102319,-1
2025-05-02 14:10:00+01:00,0,0.0,518,0.23312331233123312,2222,-0.09733818425573892,-1
2025-05-02 14:11:00+01:00,0,0.0,491,0.2329222011385199,2108,-0.11001940367281093,-1
2025-05-02 14:12:00+01:00,0,0.0,481,0.23214285714285715,2072,-0.15836934646102319,-1
2025-05-02 14:13:00+01:00,0,0.0,475,0.23216031280547408,2046,-0.15836934646102319,-1
2025-05-02 14:14:00+01:00,0,0.0,488,0.23260247855100094,2098,-0.12773292266626246,-1
2025-05-02 14:15:00+01:00,0,0.0,560,0.22544283413848631,2484,-0.2826450281123689,-1
2025-05-02 14:16:00+01:00,0,0.0,577,0.2257433489827856,2556,-0.2826450281123689,-1
2025-05-02 14:17:00+01:00,0,0.0,559,0.23428331936295055,2386,0.09646324368190023,1
2025-05-02 14:18:00+01:00,0,0.0,581,0.2344632768361582,2478,-0.007074588986084596,-1
2025-05-02 14:19:00+01:00,0,0.0,544,0.23387790197764402,2326,0.030311116322973897,1
2025-05-02 14:20:00+01:00,0,0.0,552,0.23389830508474577,2360,0.04595873500314912,1
2025-05-02 14:21:00+01:00,0,0.0,546,0.23393316195372751,2334,0.06409557761466905,1
2025-05-02 14:22:00+01:00,0,0.0,572,0.23423423423423423,2442,0.14888683093067634,1
2025-05-02 14:23:00+01:00,0,0.0,502,0.23262279888785914,2158,-0.1253426396588535,-1
2025-05-02 14:24:00+01:00,0,0.0,473,0.23186274509803922,2040,-0.18132111482385116,-1
2025-05-02 14:25:00+01:00,0,0.0,485,0.23205741626794257,2090,-0.16593522148697948,-1
2025-05-02 14:26:00+01:00,0,0.0,449,0.23120494335736355,1942,-0.21043069574231255,-1
2025-05-02 14:27:00+01:00,0,0.0,444,0.22023809523809523,2016,-0.2826450281123689,-1
2025-05-02 14:28:00+01:00,0,0.0,469,0.1985605419136325,2362,-0.2826450281123689,-1
2025-05-02 14:29:00+01:00,7,0.003100088573959256,510,0.22586359610274578,2258,-0.2826450281123689,-1
2025-05-02 14:30:00+01:00,7,0.003017241379310345,530,0.22844827586206898,2320,-0.2826450281123689,-1
2025-05-02 14:31:00+01:00,2,0.000835421888053467,548,0.22890559732664995,2394,-0.2826450281123689,-1
2025-05-02 14:32:00+01:00,3,0.0012809564474807857,535,0.22843723313407344,2342,-0.2826450281123689,-1
2025-05-02 14:33:00+01:00,0,0.0,234,0.2224334600760456,1052,-0.2826450281123689,-1
