instance,write_anomaly_count,write_anomaly_ratio,write_ops_count,write_ops_ratio,total_packets,unique_write_targets_count,anomaly_score_0.2,anomaly_0.2
1,0,0.0,5940,0.7543815087630176,7874,,0.012530520411943413,1
2,0,0.0,5780,0.753978606835377,7666,,0.012530520411943413,1
3,0,0.0,5950,0.7544059845315075,7887,,0.012530520411943413,1
4,0,0.0,5960,0.751008064516129,7936,,-0.08774358403861027,-1
5,0,0.0,5960,0.743142144638404,8020,,-0.13912789870563302,-1
6,0,0.0,5960,0.7493085240130751,7954,,-0.13912789870563302,-1
7,0,0.0,5970,0.7544546948060155,7913,,0.012530520411943413,1
8,0,0.0,5970,0.7544546948060155,7913,,0.012530520411943413,1
9,0,0.0,5970,0.7542640555906507,7915,,0.012530520411943413,1
10,0,0.0,5970,0.7544546948060155,7913,,0.012530520411943413,1
11,0,0.0,5970,0.7544546948060155,7913,,0.012530520411943413,1
12,0,0.0,5970,0.7544546948060155,7913,,0.012530520411943413,1
13,0,0.0,5970,0.7542640555906507,7915,,0.012530520411943413,1
14,0,0.0,5970,0.7544546948060155,7913,,0.012530520411943413,1
15,0,0.0,5970,0.7544546948060155,7913,,0.012530520411943413,1
16,0,0.0,5970,0.7542640555906507,7915,,0.012530520411943413,1
17,0,0.0,5970,0.7544546948060155,7913,,0.012530520411943413,1
18,0,0.0,5970,0.7544546948060155,7913,,0.012530520411943413,1
19,0,0.0,5970,0.7544546948060155,7913,,0.012530520411943413,1
20,0,0.0,5970,0.7544546948060155,7913,,0.012530520411943413,1
21,0,0.0,5970,0.7510378663982891,7949,,-0.0840022809974812,-1
22,0,0.0,5950,0.7432854465958776,8005,,-0.13912789870563302,-1
23,0,0.0,5940,0.7530425963488844,7888,,-0.008339222464265994,-1
24,0,0.0,5940,0.7543815087630176,7874,,0.012530520411943413,1
25,0,0.0,5960,0.7544303797468355,7900,,0.012530520411943413,1
26,0,0.0,5960,0.7542394330549228,7902,,0.012530520411943413,1
27,0,0.0,5960,0.7544303797468355,7900,,0.012530520411943413,1
28,0,0.0,5970,0.7542640555906507,7915,,0.012530520411943413,1
29,0,0.0,5970,0.7546454304133485,7911,,0.012530520411943413,1
30,0,0.0,5610,0.7531212243254128,7449,,-0.0004194354268537426,-1
31,0,0.0,1900,0.7235338918507236,2626,,-0.13912789870563302,-1
32,0,0.0,5960,0.7544303797468355,7900,,0.012530520411943413,1
33,0,0.0,5950,0.7542147293700089,7889,,0.012530520411943413,1
34,0,0.0,5570,0.7536192666756867,7391,,0.03158699745277099,1
35,0,0.0,5540,0.7533315202610824,7354,,0.024238311760197362,1
36,0,0.0,5540,0.7531266992930941,7356,,-0.0004194354268537426,-1
37,0,0.0,5560,0.7533875338753387,7380,,0.02851172671228741,1
38,0,0.0,5550,0.7498986623429267,7401,,-0.11737401232977551,-1
39,0,0.0,5550,0.7414829659318637,7485,,-0.13912789870563302,-1
40,0,0.0,5560,0.7531834191276077,7382,,0.004589022145609134,1
41,0,0.0,5880,0.7544264819091608,7794,,0.012530520411943413,1
42,0,0.0,5910,0.7544038805208068,7834,,0.012530520411943413,1
43,0,0.0,5940,0.7539027795405508,7879,,0.012530520411943413,1
44,0,0.0,5960,0.7544303797468355,7900,,0.012530520411943413,1
45,0,0.0,5960,0.7544303797468355,7900,,0.012530520411943413,1
46,0,0.0,5950,0.7542147293700089,7889,,0.012530520411943413,1
47,0,0.0,5960,0.7544303797468355,7900,,0.012530520411943413,1
48,0,0.0,5530,0.7533033646642147,7341,,0.015920895039994498,1
49,0,0.0,5550,0.7533595764897516,7367,,0.026815167061754297,1
50,0,0.0,5550,0.7533595764897516,7367,,0.026815167061754297,1
51,0,0.0,5550,0.7531551092414167,7369,,0.0016432787084306733,1
52,0,0.0,5550,0.7533595764897516,7367,,0.026815167061754297,1
53,0,0.0,5550,0.7531551092414167,7369,,0.0016432787084306733,1
54,0,0.0,5540,0.7529219896711062,7358,,-0.017986889401502837,-1
55,0,0.0,5530,0.7411875083768932,7461,,-0.13912789870563302,-1
56,0,0.0,5540,0.7529219896711062,7358,,-0.017986889401502837,-1
57,0,0.0,5530,0.7533033646642147,7341,,0.015920895039994498,1
58,0,0.0,5540,0.7531266992930941,7356,,-0.0004194354268537426,-1
59,0,0.0,5540,0.7533315202610824,7354,,0.024238311760197362,1
60,0,0.0,5550,0.7531551092414167,7369,,0.0016432787084306733,1
61,0,0.0,5550,0.7533595764897516,7367,,0.026815167061754297,1
62,0,0.0,5530,0.7530981887511916,7343,,-0.003764612828366487,-1
63,0,0.0,5530,0.7533033646642147,7341,,0.015920895039994498,1
64,0,0.0,5540,0.7533315202610824,7354,,0.024238311760197362,1
65,0,0.0,5550,0.7533595764897516,7367,,0.026815167061754297,1
66,0,0.0,5530,0.7533033646642147,7341,,0.015920895039994498,1
67,0,0.0,5520,0.7532751091703057,7328,,0.009545957957695361,1
68,0,0.0,5540,0.7533315202610824,7354,,0.024238311760197362,1
69,0,0.0,5530,0.7530981887511916,7343,,-0.003764612828366487,-1
70,0,0.0,5890,0.7545477837560851,7806,,0.012530520411943413,1
71,0,0.0,5950,0.7541191381495564,7890,,0.012530520411943413,1
72,0,0.0,5950,0.7494646680942184,7939,,-0.12872316943355944,-1
73,0,0.0,5840,0.7508356904088455,7778,,-0.09257903746527474,-1
74,0,0.0,5960,0.7544303797468355,7900,,0.012530520411943413,1
75,0,0.0,2440,0.7322929171668667,3332,,-0.13912789870563302,-1
76,0,0.0,5870,0.7542078889888217,7783,,0.012530520411943413,1
77,0,0.0,5960,0.7544303797468355,7900,,0.012530520411943413,1
78,0,0.0,5960,0.7542394330549228,7902,,0.012530520411943413,1
79,0,0.0,5920,0.7545245985215396,7846,,0.012530520411943413,1
80,0,0.0,5940,0.7543815087630176,7874,,0.012530520411943413,1
81,0,0.0,5890,0.7543545081967213,7808,,0.012530520411943413,1
82,0,0.0,5880,0.7539428131811771,7799,,0.012530520411943413,1
83,0,0.0,5940,0.7541899441340782,7876,,0.012530520411943413,1
84,4,0.0005342593829304127,5634,0.7525043408574863,7487,2.0,-0.04358103433015925,-1
85,11,0.0014254243877154335,5801,0.7517169884670208,7717,3.0,-0.06471080219334013,-1
86,7,0.000974794596852806,5397,0.7515666341735134,7181,1.0,-0.06832558354138851,-1
87,8,0.00102262559120542,5858,0.7488175891601687,7823,3.0,-0.13912789870563302,-1
88,28,0.003495194108101361,5978,0.7462239420796405,8011,1.0,-0.13912789870563302,-1
89,7,0.0008874239350912779,5937,0.7526622718052738,7888,4.0,-0.04358103433015925,-1
90,10,0.0012787723785166241,5880,0.7519181585677749,7820,3.0,-0.05809067481070207,-1
91,5,0.0006399590426212722,5885,0.7532317931652375,7813,1.0,0.009545957957695361,1
92,0,0.0,5960,0.7542394330549228,7902,,0.012530520411943413,1
93,0,0.0,5880,0.754232939969215,7796,,0.012530520411943413,1
94,0,0.0,5920,0.7545245985215396,7846,,0.012530520411943413,1
95,0,0.0,5940,0.7543815087630176,7874,,0.012530520411943413,1
96,0,0.0,5120,0.7511737089201878,6816,,-0.07610932812438453,-1
97,0,0.0,5860,0.7541827541827542,7770,,0.012530520411943413,1
98,0,0.0,5960,0.7544303797468355,7900,,0.012530520411943413,1
99,0,0.0,5910,0.7545001914975106,7833,,0.012530520411943413,1
100,0,0.0,5910,0.7542113323124043,7836,,0.012530520411943413,1
101,0,0.0,5940,0.7525655644241733,7893,,-0.04358103433015925,-1
102,0,0.0,5910,0.7512393542646498,7867,,-0.07507013823319131,-1
103,0,0.0,5910,0.7541150950618859,7837,,0.012530520411943413,1
104,0,0.0,5920,0.7543323139653415,7848,,0.012530520411943413,1
105,0,0.0,5870,0.7542078889888217,7783,,0.012530520411943413,1
106,0,0.0,5900,0.7542827921247762,7822,,0.012530520411943413,1
107,0,0.0,5920,0.7541401273885351,7850,,0.012530520411943413,1
108,0,0.0,5910,0.7543075941289088,7835,,0.012530520411943413,1
109,0,0.0,5930,0.7545489247995928,7859,,0.012530520411943413,1
110,0,0.0,5910,0.7542113323124043,7836,,0.012530520411943413,1
111,0,0.0,5920,0.7544284439913342,7847,,0.012530520411943413,1
112,0,0.0,5820,0.7540813682301114,7718,,0.012530520411943413,1
113,0,0.0,5640,0.7538091419406576,7482,,0.012530520411943413,1
114,0,0.0,5690,0.7537422175122532,7549,,0.017959219170874563,1
115,0,0.0,5550,0.7535641547861507,7365,,0.03272577967295659,1
116,0,0.0,5790,0.7508753728439891,7711,,-0.08880622810327377,-1
117,0,0.0,5640,0.7536076964190273,7484,,0.03158699745277099,1
118,0,0.0,5920,0.7543323139653415,7848,,0.012530520411943413,1
119,0,0.0,5850,0.7541575351295604,7757,,0.012530520411943413,1
120,0,0.0,5930,0.7543569520417249,7861,,0.012530520411943413,1
121,0,0.0,5930,0.7543569520417249,7861,,0.012530520411943413,1
122,0,0.0,5970,0.7542640555906507,7915,,0.012530520411943413,1
123,0,0.0,5920,0.7543323139653415,7848,,0.012530520411943413,1
124,0,0.0,5850,0.7543520309477756,7755,,0.012530520411943413,1
125,0,0.0,5880,0.7544264819091608,7794,,0.012530520411943413,1
126,0,0.0,5870,0.7542078889888217,7783,,0.012530520411943413,1
127,0,0.0,5870,0.7540141297366731,7785,,0.012530520411943413,1
128,0,0.0,5920,0.7541401273885351,7850,,0.012530520411943413,1
129,0,0.0,5210,0.7514784364632915,6933,,-0.06935229158998335,-1
130,0,0.0,5920,0.7543323139653415,7848,,0.012530520411943413,1
131,0,0.0,5950,0.7534506774724579,7897,,0.031886082816000194,1
132,0,0.0,5960,0.7542394330549228,7902,,0.012530520411943413,1
133,0,0.0,5960,0.7542394330549228,7902,,0.012530520411943413,1
134,0,0.0,5970,0.7544546948060155,7913,,0.012530520411943413,1
135,0,0.0,5940,0.7543815087630176,7874,,0.012530520411943413,1
136,0,0.0,5470,0.7533397603635863,7261,,0.024238311760197362,1
137,0,0.0,5540,0.7459270230241013,7427,,-0.13912789870563302,-1
138,0,0.0,5810,0.7373096446700508,7880,,-0.13912789870563302,-1
139,2,0.00025166729583490623,5932,0.7464451994463319,7947,1.0,-0.13912789870563302,-1
140,1,0.00012532898859506203,5951,0.7458328111292142,7979,1.0,-0.13912789870563302,-1
141,2,0.00025230225810521004,5912,0.7458054749590008,7927,1.0,-0.13912789870563302,-1
142,0,0.0,5920,0.7493670886075949,7900,,-0.13912789870563302,-1
143,1,0.00012610340479192938,5921,0.7466582597730139,7930,1.0,-0.13912789870563302,-1
144,3,0.0003936491274111009,5693,0.7470148274504658,7621,2.0,-0.13912789870563302,-1
145,5,0.0006503642039542144,5745,0.7472684703433923,7688,2.0,-0.13912789870563302,-1
146,1,0.00013197835554968986,5671,0.7484492543222911,7577,1.0,-0.13912789870563302,-1
147,0,0.0,5710,0.7500328385656114,7613,,-0.11737401232977551,-1
148,0,0.0,0,0.0,16,,-0.13912789870563302,-1
