timestamp,instance,node_ids_written,source_ports,message_sizes,explanation,anomaly_score,timestamp_bst
2025-05-09 13:38:00,4,-,"53373, 53218","253, 100, 204, 189, 1584",Unusual OPC UA write pattern detected,-0.08774358403861027,2025-05-09 14:38:00+01:00
2025-05-09 13:39:00,5,-,"53373, 53218","253, 100, 204, 189, 255",Unusual OPC UA write pattern detected,-0.13912789870563302,2025-05-09 14:39:00+01:00
2025-05-09 13:40:00,6,-,"53373, 53218","253, 100, 204, 189, 1558",Unusual OPC UA write pattern detected,-0.13912789870563302,2025-05-09 14:40:00+01:00
2025-05-09 13:55:00,21,-,"53373, 53218","253, 100, 204, 189, 1584",Unusual OPC UA write pattern detected,-0.0840022809974812,2025-05-09 14:55:00+01:00
2025-05-09 13:56:00,22,-,"53373, 53218","253, 100, 204, 189, 1558",Unusual OPC UA write pattern detected,-0.13912789870563302,2025-05-09 14:56:00+01:00
2025-05-09 13:57:00,23,-,"53373, 53218","253, 100, 204, 189, 1558",Unusual OPC UA write pattern detected,-0.008339222464265994,2025-05-09 14:57:00+01:00
2025-05-09 14:04:00,30,-,"53373, 53218","253, 100, 204, 189, 96",Unusual OPC UA write pattern detected,-0.0004194354268537426,2025-05-09 15:04:00+01:00
2025-05-09 14:05:00,31,-,"53373, 53218","96, 74, 1582, 66, 414",Unusual OPC UA write pattern detected,-0.13912789870563302,2025-05-09 15:05:00+01:00
2025-05-09 14:10:00,36,-,"53373, 53218","253, 100, 204, 189, 1682",Unusual OPC UA write pattern detected,-0.0004194354268537426,2025-05-09 15:10:00+01:00
2025-05-09 14:12:00,38,-,"53373, 53218","253, 100, 204, 189, 1584",Unusual OPC UA write pattern detected,-0.11737401232977551,2025-05-09 15:12:00+01:00
2025-05-09 14:13:00,39,-,"53218, 53373","136, 74, 253, 100, 204",Unusual OPC UA write pattern detected,-0.13912789870563302,2025-05-09 15:13:00+01:00
2025-05-09 14:28:00,54,-,"53373, 53218","253, 100, 204, 189, 1584",Unusual OPC UA write pattern detected,-0.017986889401502837,2025-05-09 15:28:00+01:00
2025-05-09 14:29:00,55,-,"53373, 53218","253, 100, 1558, 204, 74",Unusual OPC UA write pattern detected,-0.13912789870563302,2025-05-09 15:29:00+01:00
2025-05-09 14:30:00,56,-,"53373, 53218","253, 100, 204, 189, 160",Unusual OPC UA write pattern detected,-0.017986889401502837,2025-05-09 15:30:00+01:00
2025-05-09 14:32:00,58,-,"53373, 53218","253, 100, 204, 189, 1679",Unusual OPC UA write pattern detected,-0.0004194354268537426,2025-05-09 15:32:00+01:00
2025-05-09 14:36:00,62,-,"53373, 53218","253, 100, 204, 189, 1608",Unusual OPC UA write pattern detected,-0.003764612828366487,2025-05-09 15:36:00+01:00
2025-05-09 14:43:00,69,-,"53373, 53218","253, 100, 204, 189, 96",Unusual OPC UA write pattern detected,-0.003764612828366487,2025-05-09 15:43:00+01:00
2025-05-09 14:46:00,72,-,"53373, 53218","253, 100, 204, 189, 1711",Unusual OPC UA write pattern detected,-0.12872316943355944,2025-05-09 15:46:00+01:00
2025-05-09 14:47:00,73,-,"53373, 53218","253, 100, 204, 189, 159",Unusual OPC UA write pattern detected,-0.09257903746527474,2025-05-09 15:47:00+01:00
2025-05-09 14:49:00,75,-,"53373, 53218","253, 100, 204, 189, 1608",Unusual OPC UA write pattern detected,-0.13912789870563302,2025-05-09 15:49:00+01:00
2025-05-09 14:58:00,84,"-, MCDData.Conveyor2_Sensor, MCDData.Conveyor1_Sensor","53373, 53218","253, 100, 204, 189, 1685",Unusual OPC UA write pattern detected,-0.04358103433015925,2025-05-09 15:58:00+01:00
2025-05-09 14:59:00,85,"-, MCDData.Conveyor3_Sensor, MCDData.Conveyor1_Speed, MCDData.Conveyor2_Speed","53373, 53218","253, 100, 204, 189, 225",Unusual OPC UA write pattern detected,-0.06471080219334013,2025-05-09 15:59:00+01:00
2025-05-09 15:00:00,86,"-, MCDData.Conveyor3_Speed","53373, 53218","253, 100, 204, 189, 1631",Unusual OPC UA write pattern detected,-0.06832558354138851,2025-05-09 16:00:00+01:00
2025-05-09 15:01:00,87,"-, MCDData.Gripper_Sensor, MCDData.Gripper_UP_Limit, MCDData.Gripper_LO_Limit","53373, 53218","253, 100, 204, 189, 1608",Unusual OPC UA write pattern detected,-0.13912789870563302,2025-05-09 16:01:00+01:00
2025-05-09 15:02:00,88,"-, MCDData.Gripper_Z_Speed","53373, 53218","253, 100, 204, 189, 1558",Unusual OPC UA write pattern detected,-0.13912789870563302,2025-05-09 16:02:00+01:00
2025-05-09 15:03:00,89,"-, MCDData.Gripper_Z_Speed, MCDData.Gripper_LO_Limit, MCDData.Gripper_UP_Limit, MCDData.Gripper_Sensor","53218, 53373","1584, 74, 253, 100, 204",Unusual OPC UA write pattern detected,-0.04358103433015925,2025-05-09 16:03:00+01:00
2025-05-09 15:04:00,90,"-, MCDData.GetBox_signal, MCDData.MCD_GetBoxDone, MCDData.Gripper_Z_Speed","53373, 53218","253, 100, 204, 189, 1656",Unusual OPC UA write pattern detected,-0.05809067481070207,2025-05-09 16:04:00+01:00
2025-05-09 15:10:00,96,-,"53373, 53218","253, 100, 204, 189, 1584",Unusual OPC UA write pattern detected,-0.07610932812438453,2025-05-09 16:10:00+01:00
2025-05-09 15:15:00,101,-,"53373, 53218","189, 253, 100, 204, 1608",Unusual OPC UA write pattern detected,-0.04358103433015925,2025-05-09 16:15:00+01:00
2025-05-09 15:16:00,102,-,"53373, 53218","253, 100, 204, 189, 1558",Unusual OPC UA write pattern detected,-0.07507013823319131,2025-05-09 16:16:00+01:00
2025-05-09 15:30:00,116,-,"53373, 53218","253, 100, 204, 189, 1656",Unusual OPC UA write pattern detected,-0.08880622810327377,2025-05-09 16:30:00+01:00
2025-05-09 15:43:00,129,-,"53373, 53218","253, 100, 204, 189, 1634",Unusual OPC UA write pattern detected,-0.06935229158998335,2025-05-09 16:43:00+01:00
2025-05-09 15:51:00,137,-,"53373, 53218, 52130, 52131","253, 100, 204, 189, 1685",Unusual OPC UA write pattern detected,-0.13912789870563302,2025-05-09 16:51:00+01:00
2025-05-09 15:52:00,138,-,"53373, 53218, 52131","253, 100, 204, 189, 2282",Unusual OPC UA write pattern detected,-0.13912789870563302,2025-05-09 16:52:00+01:00
2025-05-09 15:53:00,139,"-, MCDData.Conveyor2_Speed","53373, 53218, 52131","253, 100, 204, 189, 2488",Unusual OPC UA write pattern detected,-0.13912789870563302,2025-05-09 16:53:00+01:00
2025-05-09 15:54:00,140,"-, MCDData.Conveyor3_Speed","53373, 53218, 52131","253, 100, 204, 189, 422",Unusual OPC UA write pattern detected,-0.13912789870563302,2025-05-09 16:54:00+01:00
2025-05-09 15:55:00,141,"-, MCDData.Conveyor3_Speed","53373, 52131, 53218","253, 100, 204, 189, 136",Unusual OPC UA write pattern detected,-0.13912789870563302,2025-05-09 16:55:00+01:00
2025-05-09 15:56:00,142,-,"53373, 53218, 52131","253, 100, 204, 189, 2417",Unusual OPC UA write pattern detected,-0.13912789870563302,2025-05-09 16:56:00+01:00
2025-05-09 15:57:00,143,"-, MCDData.Conveyor3_Speed","53373, 53218, 52131","253, 100, 204, 189, 2391",Unusual OPC UA write pattern detected,-0.13912789870563302,2025-05-09 16:57:00+01:00
2025-05-09 15:58:00,144,"-, MCDData.GetBox_signal, MCDData.RotatePosition","53373, 52131, 53218","253, 100, 204, 189, 159",Unusual OPC UA write pattern detected,-0.13912789870563302,2025-05-09 16:58:00+01:00
2025-05-09 15:59:00,145,"-, MCDData.RotatePosition, MCDData.Gripper_Z_Speed","53373, 52131, 53218","253, 100, 204, 189, 132",Unusual OPC UA write pattern detected,-0.13912789870563302,2025-05-09 16:59:00+01:00
2025-05-09 16:00:00,146,"-, MCDData.RotatePosition","53373, 52131, 53218","253, 100, 204, 189, 132",Unusual OPC UA write pattern detected,-0.13912789870563302,2025-05-09 17:00:00+01:00
2025-05-09 16:01:00,147,-,"52131, 53373, 53218","85, 66, 253, 100, 204",Unusual OPC UA write pattern detected,-0.11737401232977551,2025-05-09 17:01:00+01:00
2025-05-09 16:02:00,148,,"53218, 53373","1787, 74, 1582, 96, 66",Unusual OPC UA write pattern detected,-0.13912789870563302,2025-05-09 17:02:00+01:00
